First Name,Last Name,City,State,Account Email,Quarterly,Size,Item 1,Item 2,Item 3,Item 4,Item 5,Item 6,Item 7,Item 8,Item 9,Item 10
Abel,Maclead,Middle Island,NY,amaclead@gmail.com,Q1,S,Hoodie,Zip up Jacket,Hoodie,LS Shirt,Crewneck Sweater,SS Shirt,Crewneck Sweater,LS Shirt,LS Shirt,Button Down Shirt
Adelina,Nabours,Cleveland,OH,adelina_nabours@gmail.com,Q1,S,LS Shirt,SS Shirt,Crewneck Sweater,LS Shirt,Hoodie,Button Down Shirt,LS Shirt,Crewneck Sweater,Hoodie,LS Shirt
Adell,Lipkin,Whippany,NJ,adell.lipkin@lipkin.com,Q1,L,LS Shirt,LS Shirt,SS Shirt,SS Shirt,SS Shirt,SS Shirt,SS Shirt,LS Shirt,Hoodie,SS Shirt
Ahmed,Angalich,Harrisburg,PA,ahmed.angalich@angalich.com,Q1,M,LS Shirt,Crewneck Sweater,Hoodie,LS Shirt,Button Down Shirt,LS Shirt,LS Shirt,Hoodie,LS Shirt,LS Shirt
Aja,Gehrett,Nutley,NJ,aja_gehrett@hotmail.com,Q1,XL,SS Shirt,Zip up Jacket,LS Shirt,Hoodie,SS Shirt,LS Shirt,Polo Shirt,Crewneck Sweater,SS Shirt,Button Down Shirt
Alaine,Bergesen,Yonkers,NY,alaine_bergesen@cox.net,Q1,XL,SS Shirt,Crewneck Sweater,LS Shirt,LS Shirt,Zip up Jacket,LS Shirt,Crewneck Sweater,SS Shirt,LS Shirt,LS Shirt
Albina,Glick,Dunellen,NJ,albina@glick.com,Q1,M,Hoodie,LS Shirt,Button Down Shirt,Hoodie,LS Shirt,Zip up Jacket,Hoodie,LS Shirt,Zip up Jacket,SS Shirt
Alease,Buemi,Boulder,CO,alease@buemi.com,Q1,XS,SS Shirt,Crewneck Sweater,Hoodie,SS Shirt,Hoodie,LS Shirt,Hoodie,LS Shirt,LS Shirt,LS Shirt
Alecia,Bubash,Wichita Falls,TX,alecia@aol.com,Q1,S,Polo Shirt,Zip up Jacket,Zip up Jacket,LS Shirt,LS Shirt,Button Down Shirt,LS Shirt,Hoodie,Button Down Shirt,Button Down Shirt
Alesia,Hixenbaugh,Washington,DC,alesia_hixenbaugh@hixenbaugh.org,Q1,S,Hoodie,Crewneck Sweater,LS Shirt,SS Shirt,Button Down Shirt,SS Shirt,SS Shirt,Crewneck Sweater,SS Shirt,Zip up Jacket
Alex,Loader,Tacoma,WA,alex@loader.com,Q1,L,SS Shirt,LS Shirt,LS Shirt,Hoodie,SS Shirt,LS Shirt,Button Down Shirt,Hoodie,LS Shirt,Polo Shirt
Alisha,Slusarski,Middlesex,NJ,alisha@slusarski.com,Q1,S,Polo Shirt,LS Shirt,Zip up Jacket,Hoodie,LS Shirt,Zip up Jacket,Crewneck Sweater,Zip up Jacket,Polo Shirt,LS Shirt
Alishia,Sergi,New York,NY,asergi@gmail.com,Q1,S,SS Shirt,LS Shirt,LS Shirt,Crewneck Sweater,Hoodie,LS Shirt,Hoodie,Button Down Shirt,Button Down Shirt,Hoodie
Aliza,Baltimore,San Jose,CA,aliza@aol.com,Q1,S,Hoodie,Crewneck Sweater,LS Shirt,LS Shirt,Crewneck Sweater,Zip up Jacket,Zip up Jacket,Zip up Jacket,Zip up Jacket,SS Shirt
Allene,Iturbide,Stevens Point,WI,allene_iturbide@cox.net,Q1,M,Button Down Shirt,LS Shirt,Zip up Jacket,LS Shirt,Zip up Jacket,Hoodie,LS Shirt,Crewneck Sweater,SS Shirt,Crewneck Sweater
Alline,Jeanty,South Bend,IN,ajeanty@gmail.com,Q1,L,Button Down Shirt,LS Shirt,Crewneck Sweater,LS Shirt,Crewneck Sweater,Zip up Jacket,SS Shirt,SS Shirt,Hoodie,LS Shirt
Alpha,Palaia,Cherry Hill,NJ,alpha@yahoo.com,Q1,XL,LS Shirt,Hoodie,LS Shirt,SS Shirt,LS Shirt,SS Shirt,Crewneck Sweater,LS Shirt,LS Shirt,Hoodie
Alyce,Arias,Stockton,CA,alyce@arias.org,Q1,L,SS Shirt,Crewneck Sweater,LS Shirt,SS Shirt,LS Shirt,LS Shirt,Hoodie,Hoodie,Hoodie,SS Shirt
Amber,Monarrez,Jenkintown,PA,amber_monarrez@monarrez.org,Q1,S,Hoodie,Hoodie,SS Shirt,SS Shirt,SS Shirt,Zip up Jacket,LS Shirt,Hoodie,LS Shirt,Hoodie
Amie,Perigo,Mesquite,TX,amie.perigo@yahoo.com,Q1,L,SS Shirt,Zip up Jacket,SS Shirt,Hoodie,LS Shirt,LS Shirt,LS Shirt,Crewneck Sweater,SS Shirt,Button Down Shirt
Ammie,Corrio,Columbus,OH,ammie@corrio.com,Q1,S,LS Shirt,SS Shirt,LS Shirt,SS Shirt,Hoodie,SS Shirt,Crewneck Sweater,SS Shirt,Hoodie,LS Shirt
An,Fritz,Atlantic City,NJ,an_fritz@hotmail.com,Q1,L,Button Down Shirt,LS Shirt,LS Shirt,SS Shirt,SS Shirt,SS Shirt,Zip up Jacket,LS Shirt,Hoodie,Hoodie
Andra,Scheyer,Salem,OR,andra@gmail.com,Q1,S,SS Shirt,Crewneck Sweater,SS Shirt,Hoodie,Crewneck Sweater,Zip up Jacket,SS Shirt,Crewneck Sweater,LS Shirt,Zip up Jacket
Angella,Cetta,Honolulu,HI,angella.cetta@hotmail.com,Q1,M,Hoodie,LS Shirt,Hoodie,LS Shirt,LS Shirt,LS Shirt,Hoodie,LS Shirt,Zip up Jacket,Hoodie
Annabelle,Boord,Concord,MA,annabelle.boord@cox.net,Q1,L,Crewneck Sweater,Crewneck Sweater,Button Down Shirt,LS Shirt,Zip up Jacket,LS Shirt,SS Shirt,SS Shirt,Button Down Shirt,SS Shirt
Annelle,Tagala,Parkville,MD,annelle@yahoo.com,Q1,S,LS Shirt,SS Shirt,Hoodie,Crewneck Sweater,Hoodie,LS Shirt,LS Shirt,SS Shirt,LS Shirt,LS Shirt
Annmarie,Castros,Conroe,TX,annmarie_castros@gmail.com,Q1,L,LS Shirt,Hoodie,LS Shirt,Zip up Jacket,LS Shirt,LS Shirt,Button Down Shirt,LS Shirt,Hoodie,Polo Shirt
Antione,Onofrio,San Bernardino,CA,aonofrio@onofrio.com,Q1,L,Polo Shirt,Hoodie,Zip up Jacket,Hoodie,SS Shirt,SS Shirt,LS Shirt,Crewneck Sweater,Hoodie,SS Shirt
Arlene,Klusman,New Orleans,LA,arlene_klusman@gmail.com,Q1,XL,Crewneck Sweater,SS Shirt,LS Shirt,Zip up Jacket,LS Shirt,Button Down Shirt,LS Shirt,SS Shirt,SS Shirt,SS Shirt
Arlette,Honeywell,Jacksonville,FL,ahoneywell@honeywell.com,Q1,S,Zip up Jacket,Zip up Jacket,Crewneck Sweater,Zip up Jacket,Hoodie,Hoodie,Polo Shirt,Hoodie,SS Shirt,Polo Shirt
Arminda,Parvis,Phoenix,AZ,arminda@parvis.com,Q1,XS,Button Down Shirt,LS Shirt,LS Shirt,LS Shirt,SS Shirt,SS Shirt,Hoodie,Hoodie,Zip up Jacket,LS Shirt
Art,Venere,Bridgeport,NJ,art@venere.org,Q1,L,LS Shirt,Crewneck Sweater,Hoodie,SS Shirt,Hoodie,LS Shirt,SS Shirt,Button Down Shirt,LS Shirt,SS Shirt
Arthur,Farrow,Englewood,NJ,arthur.farrow@yahoo.com,Q1,M,Hoodie,SS Shirt,SS Shirt,LS Shirt,Zip up Jacket,LS Shirt,Zip up Jacket,SS Shirt,SS Shirt,Button Down Shirt
Ashlyn,Pinilla,Opa Locka,FL,apinilla@cox.net,Q1,S,LS Shirt,Zip up Jacket,Crewneck Sweater,Polo Shirt,Zip up Jacket,Hoodie,Zip up Jacket,SS Shirt,Hoodie,Hoodie
Audra,Kohnert,Nashville,TN,audra@kohnert.com,Q1,XS,Zip up Jacket,Hoodie,SS Shirt,SS Shirt,SS Shirt,SS Shirt,Crewneck Sweater,LS Shirt,LS Shirt,LS Shirt
Audry,Yaw,Brandon,FL,audry.yaw@yaw.org,Q1,XL,LS Shirt,Crewneck Sweater,Hoodie,LS Shirt,Hoodie,LS Shirt,SS Shirt,SS Shirt,Hoodie,SS Shirt
Avery,Steier,Orlando,FL,avery@cox.net,Q1,S,LS Shirt,SS Shirt,SS Shirt,SS Shirt,LS Shirt,Crewneck Sweater,Polo Shirt,Crewneck Sweater,Hoodie,SS Shirt
Barbra,Adkin,Brooklyn,NY,badkin@hotmail.com,Q1,L,LS Shirt,Hoodie,Zip up Jacket,Hoodie,Zip up Jacket,SS Shirt,Crewneck Sweater,SS Shirt,Zip up Jacket,Hoodie
Barrett,Toyama,Kennedale,TX,barrett.toyama@toyama.org,Q1,S,Button Down Shirt,SS Shirt,Polo Shirt,LS Shirt,Hoodie,Hoodie,Button Down Shirt,LS Shirt,LS Shirt,LS Shirt
Beatriz,Corrington,Middleboro,MA,beatriz@yahoo.com,Q1,L,Button Down Shirt,Hoodie,LS Shirt,Hoodie,LS Shirt,SS Shirt,Hoodie,Hoodie,Hoodie,Zip up Jacket
Beckie,Silvestrini,Dearborn,MI,beckie.silvestrini@silvestrini.com,Q1,XS,Hoodie,Crewneck Sweater,SS Shirt,SS Shirt,Zip up Jacket,Button Down Shirt,Hoodie,LS Shirt,Zip up Jacket,Hoodie
Becky,Mirafuentes,Plainfield,NJ,becky.mirafuentes@mirafuentes.com,Q1,L,Button Down Shirt,Hoodie,Hoodie,Zip up Jacket,SS Shirt,Hoodie,SS Shirt,Button Down Shirt,LS Shirt,Hoodie
Belen,Strassner,Douglasville,GA,belen_strassner@aol.com,Q1,XXL,SS Shirt,SS Shirt,SS Shirt,Hoodie,Hoodie,Zip up Jacket,LS Shirt,SS Shirt,Hoodie,LS Shirt
Benedict,Sama,Saint Louis,MO,bsama@cox.net,Q1,XL,Zip up Jacket,SS Shirt,Zip up Jacket,Crewneck Sweater,LS Shirt,SS Shirt,Hoodie,LS Shirt,Hoodie,Zip up Jacket
Benton,Skursky,Gardena,CA,benton.skursky@aol.com,Q1,L,Zip up Jacket,Hoodie,LS Shirt,Hoodie,Crewneck Sweater,Crewneck Sweater,Hoodie,SS Shirt,Button Down Shirt,LS Shirt
Bernardine,Rodefer,Memphis,TN,bernardine_rodefer@yahoo.com,Q1,L,LS Shirt,Zip up Jacket,SS Shirt,LS Shirt,LS Shirt,Zip up Jacket,Hoodie,Hoodie,Button Down Shirt,Button Down Shirt
Bernardo,Figeroa,Conroe,TX,bfigeroa@aol.com,Q1,XS,LS Shirt,LS Shirt,LS Shirt,Hoodie,Hoodie,Hoodie,SS Shirt,LS Shirt,LS Shirt,Hoodie
Bette,Nicka,Aston,PA,bette_nicka@cox.net,Q1,S,LS Shirt,Hoodie,Hoodie,SS Shirt,Polo Shirt,Zip up Jacket,SS Shirt,Crewneck Sweater,SS Shirt,SS Shirt
Billye,Miro,Pearl,MS,billye_miro@cox.net,Q1,S,Zip up Jacket,LS Shirt,Crewneck Sweater,Hoodie,Zip up Jacket,LS Shirt,LS Shirt,Polo Shirt,Hoodie,Hoodie
Blair,Malet,Philadelphia,PA,bmalet@yahoo.com,Q1,M,SS Shirt,Button Down Shirt,SS Shirt,Zip up Jacket,Crewneck Sweater,SS Shirt,Hoodie,LS Shirt,SS Shirt,LS Shirt
Blondell,Pugh,Providence,RI,bpugh@aol.com,Q1,L,Hoodie,SS Shirt,SS Shirt,Hoodie,Crewneck Sweater,Crewneck Sweater,Crewneck Sweater,Hoodie,LS Shirt,LS Shirt
Bobbye,Rhym,San Carlos,CA,brhym@rhym.com,Q1,M,LS Shirt,LS Shirt,Hoodie,Zip up Jacket,LS Shirt,Button Down Shirt,SS Shirt,LS Shirt,Hoodie,SS Shirt
Bok,Isaacs,Bronx,NY,bok.isaacs@aol.com,Q1,L,Zip up Jacket,Hoodie,Hoodie,LS Shirt,Zip up Jacket,LS Shirt,LS Shirt,SS Shirt,Hoodie,Hoodie
Brandon,Callaro,Honolulu,HI,brandon_callaro@hotmail.com,Q1,L,Zip up Jacket,Hoodie,Zip up Jacket,Zip up Jacket,Zip up Jacket,Button Down Shirt,SS Shirt,Hoodie,SS Shirt,LS Shirt
Brett,Mccullan,La Mesa,CA,brett.mccullan@mccullan.com,Q1,L,Zip up Jacket,Crewneck Sweater,LS Shirt,Hoodie,Hoodie,LS Shirt,LS Shirt,SS Shirt,Polo Shirt,Hoodie
Britt,Galam,Hatfield,PA,britt@galam.org,Q1,L,Zip up Jacket,Hoodie,SS Shirt,LS Shirt,SS Shirt,Hoodie,Hoodie,Zip up Jacket,LS Shirt,Zip up Jacket
Brittni,Gillaspie,Boise,ID,bgillaspie@gillaspie.com,Q1,XS,SS Shirt,SS Shirt,Crewneck Sweater,Hoodie,Crewneck Sweater,Crewneck Sweater,Crewneck Sweater,SS Shirt,Hoodie,LS Shirt
Brock,Bolognia,New York,NY,bbolognia@yahoo.com,Q1,M,Zip up Jacket,Zip up Jacket,Hoodie,LS Shirt,Zip up Jacket,LS Shirt,LS Shirt,LS Shirt,Crewneck Sweater,SS Shirt
Buddy,Cloney,Strongsville,OH,buddy.cloney@yahoo.com,Q1,S,Zip up Jacket,LS Shirt,LS Shirt,LS Shirt,Crewneck Sweater,Hoodie,SS Shirt,SS Shirt,LS Shirt,LS Shirt
Bulah,Padilla,Waco,TX,bulah_padilla@hotmail.com,Q1,XL,Hoodie,Crewneck Sweater,SS Shirt,Polo Shirt,Crewneck Sweater,Zip up Jacket,LS Shirt,Crewneck Sweater,Button Down Shirt,Hoodie
Caitlin,Julia,Johnston,RI,caitlin.julia@julia.org,Q1,L,Zip up Jacket,SS Shirt,Hoodie,Zip up Jacket,Hoodie,Zip up Jacket,SS Shirt,SS Shirt,SS Shirt,LS Shirt
Cammy,Albares,Laredo,TX,calbares@gmail.com,Q1,XL,Hoodie,SS Shirt,SS Shirt,SS Shirt,Crewneck Sweater,Hoodie,Button Down Shirt,LS Shirt,LS Shirt,SS Shirt
Candida,Corbley,Somerville,NJ,candida_corbley@hotmail.com,Q1,M,Zip up Jacket,LS Shirt,Polo Shirt,LS Shirt,SS Shirt,Zip up Jacket,SS Shirt,Hoodie,LS Shirt,LS Shirt
Caprice,Suell,Nashville,TN,caprice@aol.com,Q1,S,LS Shirt,Crewneck Sweater,Hoodie,Hoodie,Hoodie,Zip up Jacket,LS Shirt,Polo Shirt,Button Down Shirt,Zip up Jacket
Carey,Dopico,Indianapolis,IN,carey_dopico@dopico.org,Q1,XS,SS Shirt,Hoodie,SS Shirt,LS Shirt,Zip up Jacket,LS Shirt,Zip up Jacket,LS Shirt,SS Shirt,Hoodie
Carin,Deleo,Little Rock,AR,cdeleo@deleo.com,Q1,S,LS Shirt,LS Shirt,Crewneck Sweater,Crewneck Sweater,Hoodie,Hoodie,Crewneck Sweater,Hoodie,SS Shirt,LS Shirt
Carissa,Batman,Eugene,OR,carissa.batman@yahoo.com,Q1,S,Hoodie,SS Shirt,LS Shirt,Hoodie,Button Down Shirt,LS Shirt,Hoodie,SS Shirt,Hoodie,SS Shirt
Carlee,Boulter,Abilene,KS,carlee.boulter@hotmail.com,Q1,XS,Polo Shirt,Hoodie,Zip up Jacket,Crewneck Sweater,Zip up Jacket,Hoodie,Button Down Shirt,LS Shirt,Crewneck Sweater,Polo Shirt
Carma,Vanheusen,San Leandro,CA,carma@cox.net,Q1,S,Button Down Shirt,Zip up Jacket,SS Shirt,Hoodie,LS Shirt,Polo Shirt,Polo Shirt,SS Shirt,LS Shirt,LS Shirt
Carmela,Cookey,Chicago,IL,ccookey@cookey.org,Q1,S,SS Shirt,SS Shirt,Hoodie,LS Shirt,SS Shirt,SS Shirt,LS Shirt,Crewneck Sweater,Zip up Jacket,Zip up Jacket
Carmelina,Lindall,Littleton,CO,carmelina_lindall@lindall.com,Q1,XS,LS Shirt,Crewneck Sweater,Crewneck Sweater,LS Shirt,LS Shirt,Hoodie,SS Shirt,Zip up Jacket,Hoodie,Polo Shirt
Carmen,Sweigard,Somerset,NJ,csweigard@sweigard.com,Q1,M,Crewneck Sweater,Hoodie,LS Shirt,LS Shirt,Zip up Jacket,SS Shirt,Hoodie,LS Shirt,Hoodie,SS Shirt
Casie,Good,Nashville,TN,casie.good@aol.com,Q1,M,Hoodie,LS Shirt,Zip up Jacket,Hoodie,Zip up Jacket,Hoodie,LS Shirt,SS Shirt,LS Shirt,LS Shirt
Cassi,Wildfong,Rolling Meadows,IL,cassi.wildfong@aol.com,Q1,M,Zip up Jacket,LS Shirt,SS Shirt,Polo Shirt,Zip up Jacket,Polo Shirt,Hoodie,Hoodie,SS Shirt,LS Shirt
Catalina,Tillotson,Margate City,NJ,catalina@hotmail.com,Q1,M,LS Shirt,LS Shirt,LS Shirt,Crewneck Sweater,Hoodie,LS Shirt,LS Shirt,Crewneck Sweater,LS Shirt,Polo Shirt
Catarina,Gleich,Denville,NJ,catarina_gleich@hotmail.com,Q1,XS,SS Shirt,Hoodie,SS Shirt,Zip up Jacket,LS Shirt,SS Shirt,Polo Shirt,SS Shirt,SS Shirt,Hoodie
Cathrine,Pontoriero,Amarillo,TX,cathrine.pontoriero@pontoriero.com,Q1,XL,SS Shirt,SS Shirt,Hoodie,SS Shirt,Crewneck Sweater,Button Down Shirt,Crewneck Sweater,LS Shirt,Hoodie,Zip up Jacket
Cecil,Lapage,Union City,NJ,clapage@lapage.com,Q1,S,Zip up Jacket,Crewneck Sweater,Zip up Jacket,SS Shirt,LS Shirt,Zip up Jacket,SS Shirt,Button Down Shirt,SS Shirt,Polo Shirt
Cecilia,Colaizzo,Madison,WI,cecilia_colaizzo@colaizzo.com,Q1,XS,LS Shirt,LS Shirt,Hoodie,Hoodie,SS Shirt,Hoodie,LS Shirt,LS Shirt,Hoodie,Hoodie
Cecily,Hollack,Austin,TX,cecily@hollack.org,Q1,L,SS Shirt,SS Shirt,SS Shirt,SS Shirt,SS Shirt,Button Down Shirt,Hoodie,Crewneck Sweater,LS Shirt,SS Shirt
Celeste,Korando,Lynbrook,NY,ckorando@hotmail.com,Q1,L,Hoodie,Crewneck Sweater,LS Shirt,LS Shirt,Hoodie,Zip up Jacket,Zip up Jacket,Zip up Jacket,Zip up Jacket,LS Shirt
Ceola,Setter,Warren,ME,ceola.setter@setter.org,Q1,S,Crewneck Sweater,Hoodie,LS Shirt,Crewneck Sweater,SS Shirt,LS Shirt,Hoodie,LS Shirt,SS Shirt,Hoodie
Chanel,Caudy,Shawnee,KS,chanel.caudy@caudy.org,Q1,S,Button Down Shirt,SS Shirt,SS Shirt,Crewneck Sweater,Hoodie,LS Shirt,LS Shirt,Button Down Shirt,LS Shirt,SS Shirt
Chantell,Maynerich,Saint Paul,MN,chantell@yahoo.com,Q1,XXL,SS Shirt,SS Shirt,LS Shirt,LS Shirt,Hoodie,Zip up Jacket,SS Shirt,SS Shirt,Crewneck Sweater,LS Shirt
Charlene,Hamilton,Santa Rosa,CA,charlene.hamilton@hotmail.com,Q1,XL,Crewneck Sweater,Hoodie,LS Shirt,Hoodie,SS Shirt,SS Shirt,LS Shirt,Hoodie,Hoodie,Button Down Shirt
Chau,Kitzman,Beverly Hills,CA,chau@gmail.com,Q1,XL,SS Shirt,Crewneck Sweater,Crewneck Sweater,Crewneck Sweater,Zip up Jacket,Hoodie,Polo Shirt,LS Shirt,LS Shirt,SS Shirt
Chauncey,Motley,Orlando,FL,chauncey_motley@aol.com,Q1,M,Hoodie,Zip up Jacket,LS Shirt,LS Shirt,LS Shirt,Hoodie,Crewneck Sweater,Hoodie,Button Down Shirt,SS Shirt
Chaya,Malvin,Ann Arbor,MI,chaya@malvin.com,Q1,XS,LS Shirt,Hoodie,Zip up Jacket,Crewneck Sweater,LS Shirt,SS Shirt,SS Shirt,LS Shirt,LS Shirt,SS Shirt
Cherry,Lietz,Waterford,MI,cherry@lietz.com,Q1,XS,Zip up Jacket,LS Shirt,LS Shirt,Hoodie,SS Shirt,LS Shirt,LS Shirt,SS Shirt,LS Shirt,SS Shirt
Cheryl,Haroldson,Atlantic City,NJ,cheryl@haroldson.org,Q1,XXL,Zip up Jacket,Hoodie,SS Shirt,Zip up Jacket,Zip up Jacket,SS Shirt,Hoodie,Crewneck Sweater,Hoodie,SS Shirt
Christiane,Eschberger,Phoenix,AZ,christiane.eschberger@yahoo.com,Q1,XL,SS Shirt,SS Shirt,Crewneck Sweater,LS Shirt,LS Shirt,Button Down Shirt,SS Shirt,SS Shirt,LS Shirt,SS Shirt
Ciara,Ventura,Port Jervis,NY,cventura@yahoo.com,Q1,S,Hoodie,Hoodie,Crewneck Sweater,SS Shirt,Button Down Shirt,Hoodie,LS Shirt,SS Shirt,LS Shirt,LS Shirt
Claribel,Varriano,Perrysburg,OH,claribel_varriano@cox.net,Q1,XS,LS Shirt,LS Shirt,LS Shirt,Hoodie,Zip up Jacket,Zip up Jacket,Button Down Shirt,LS Shirt,SS Shirt,SS Shirt
Clay,Hoa,Reno,NV,choa@hoa.org,Q1,S,LS Shirt,LS Shirt,Hoodie,SS Shirt,SS Shirt,LS Shirt,SS Shirt,SS Shirt,Button Down Shirt,LS Shirt
Clorinda,Heimann,Escondido,CA,clorinda.heimann@hotmail.com,Q1,M,Zip up Jacket,Polo Shirt,Zip up Jacket,SS Shirt,SS Shirt,Hoodie,Crewneck Sweater,Hoodie,LS Shirt,Button Down Shirt
Colette,Kardas,Omaha,NE,colette.kardas@yahoo.com,Q1,L,LS Shirt,Hoodie,LS Shirt,Hoodie,Zip up Jacket,Hoodie,LS Shirt,SS Shirt,Button Down Shirt,SS Shirt
Cordelia,Storment,Lafayette,LA,cordelia_storment@aol.com,Q1,M,SS Shirt,SS Shirt,LS Shirt,SS Shirt,LS Shirt,Zip up Jacket,Zip up Jacket,Hoodie,SS Shirt,Hoodie
Corinne,Loder,North Attleboro,MA,corinne@loder.org,Q1,M,Hoodie,LS Shirt,Hoodie,SS Shirt,Zip up Jacket,Polo Shirt,Button Down Shirt,Crewneck Sweater,LS Shirt,LS Shirt
Cory,Gibes,San Gabriel,CA,cory.gibes@gmail.com,Q1,L,Zip up Jacket,Hoodie,LS Shirt,SS Shirt,SS Shirt,LS Shirt,Button Down Shirt,Button Down Shirt,SS Shirt,LS Shirt
Cristal,Samara,Los Angeles,CA,cristal@cox.net,Q1,S,SS Shirt,SS Shirt,Zip up Jacket,Hoodie,Zip up Jacket,Crewneck Sweater,Zip up Jacket,LS Shirt,Hoodie,LS Shirt
Cristy,Lother,Escondido,CA,cristy@lother.com,Q1,S,SS Shirt,SS Shirt,Crewneck Sweater,LS Shirt,LS Shirt,Polo Shirt,Hoodie,SS Shirt,LS Shirt,Hoodie
Cyndy,Goldammer,Burnsville,MN,cgoldammer@cox.net,Q1,XL,Hoodie,Hoodie,Hoodie,LS Shirt,Hoodie,Button Down Shirt,LS Shirt,LS Shirt,Hoodie,Hoodie
Cyril,Daufeldt,New York,NY,cyril_daufeldt@daufeldt.com,Q1,XS,Zip up Jacket,LS Shirt,Crewneck Sweater,Zip up Jacket,SS Shirt,Hoodie,Hoodie,Hoodie,LS Shirt,SS Shirt
Dalene,Riden,Plaistow,NH,dalene.riden@aol.com,Q1,XS,LS Shirt,LS Shirt,LS Shirt,Hoodie,Zip up Jacket,Zip up Jacket,SS Shirt,Zip up Jacket,Hoodie,LS Shirt
Dalene,Schoeneck,Philadelphia,PA,dalene@schoeneck.org,Q1,M,Crewneck Sweater,SS Shirt,SS Shirt,Crewneck Sweater,SS Shirt,SS Shirt,SS Shirt,Zip up Jacket,Hoodie,Hoodie
Danica,Bruschke,Waco,TX,danica_bruschke@gmail.com,Q1,XL,Button Down Shirt,Crewneck Sweater,Crewneck Sweater,Crewneck Sweater,Hoodie,Hoodie,Crewneck Sweater,SS Shirt,Polo Shirt,LS Shirt
Daniel,Perruzza,Santa Ana,CA,dperruzza@perruzza.com,Q1,M,Hoodie,Polo Shirt,Crewneck Sweater,LS Shirt,SS Shirt,Button Down Shirt,SS Shirt,SS Shirt,SS Shirt,LS Shirt
Daniela,Comnick,Trenton,NJ,dcomnick@cox.net,Q1,L,Crewneck Sweater,Hoodie,SS Shirt,Crewneck Sweater,LS Shirt,Hoodie,Hoodie,LS Shirt,LS Shirt,Hoodie
Daren,Weirather,Milwaukee,WI,dweirather@aol.com,Q1,XL,SS Shirt,Button Down Shirt,SS Shirt,Hoodie,Crewneck Sweater,Zip up Jacket,Zip up Jacket,Polo Shirt,Zip up Jacket,LS Shirt
Daron,Dinos,Highland Park,IL,daron_dinos@cox.net,Q1,L,Button Down Shirt,LS Shirt,LS Shirt,LS Shirt,SS Shirt,LS Shirt,LS Shirt,Crewneck Sweater,SS Shirt,SS Shirt
Dean,Ketelsen,Hicksville,NY,dean_ketelsen@gmail.com,Q1,XS,Hoodie,SS Shirt,Zip up Jacket,Hoodie,LS Shirt,SS Shirt,Hoodie,Hoodie,Crewneck Sweater,Crewneck Sweater
Deandrea,Hughey,Burlington,NC,deandrea@yahoo.com,Q1,XL,SS Shirt,Hoodie,LS Shirt,Zip up Jacket,Zip up Jacket,Hoodie,Zip up Jacket,SS Shirt,LS Shirt,LS Shirt
Deeanna,Juhas,Huntingdon Valley,PA,deeanna_juhas@gmail.com,Q1,L,LS Shirt,LS Shirt,Zip up Jacket,Hoodie,Hoodie,Zip up Jacket,Button Down Shirt,LS Shirt,SS Shirt,Hoodie
Delisa,Crupi,Newark,NJ,delisa.crupi@crupi.com,Q1,M,Zip up Jacket,Hoodie,Crewneck Sweater,SS Shirt,Zip up Jacket,LS Shirt,LS Shirt,SS Shirt,LS Shirt,LS Shirt
Delmy,Ahle,Providence,RI,delmy.ahle@hotmail.com,Q1,M,Button Down Shirt,Crewneck Sweater,Hoodie,LS Shirt,Hoodie,SS Shirt,Hoodie,Hoodie,Crewneck Sweater,Zip up Jacket
Denise,Patak,Orlando,FL,denise@patak.org,Q1,L,Button Down Shirt,LS Shirt,LS Shirt,Crewneck Sweater,LS Shirt,Zip up Jacket,SS Shirt,Hoodie,Hoodie,LS Shirt
Deonna,Kippley,Southfield,MI,deonna_kippley@hotmail.com,Q1,M,Crewneck Sweater,Hoodie,Hoodie,SS Shirt,Hoodie,SS Shirt,Button Down Shirt,LS Shirt,LS Shirt,Hoodie
Derick,Dhamer,New York,NY,ddhamer@cox.net,Q1,S,SS Shirt,Crewneck Sweater,Hoodie,SS Shirt,Crewneck Sweater,Crewneck Sweater,LS Shirt,Crewneck Sweater,Hoodie,LS Shirt
Detra,Coyier,Aberdeen,MD,detra@aol.com,Q1,XS,Hoodie,Hoodie,SS Shirt,LS Shirt,LS Shirt,LS Shirt,SS Shirt,LS Shirt,Hoodie,LS Shirt
Devora,Perez,Oakland,CA,devora_perez@perez.org,Q1,L,Zip up Jacket,SS Shirt,Zip up Jacket,SS Shirt,Zip up Jacket,SS Shirt,Polo Shirt,LS Shirt,LS Shirt,Button Down Shirt
Devorah,Chickering,Clovis,NM,devorah@hotmail.com,Q1,M,Hoodie,Crewneck Sweater,Zip up Jacket,SS Shirt,Hoodie,LS Shirt,SS Shirt,Hoodie,SS Shirt,SS Shirt
Diane,Devreese,Saint Joseph,MO,diane@cox.net,Q1,L,Button Down Shirt,SS Shirt,LS Shirt,LS Shirt,SS Shirt,LS Shirt,Hoodie,SS Shirt,Hoodie,LS Shirt
Dick,Wenzinger,Gardena,CA,dick@yahoo.com,Q1,M,Crewneck Sweater,Hoodie,SS Shirt,Zip up Jacket,SS Shirt,SS Shirt,Zip up Jacket,LS Shirt,Polo Shirt,Hoodie
Dierdre,Yum,Philadelphia,PA,dyum@yahoo.com,Q1,M,Zip up Jacket,Crewneck Sweater,Hoodie,Polo Shirt,LS Shirt,LS Shirt,Crewneck Sweater,Zip up Jacket,Hoodie,Zip up Jacket
Dominque,Dickerson,Hayward,CA,dominque.dickerson@dickerson.org,Q1,M,LS Shirt,Crewneck Sweater,Hoodie,SS Shirt,LS Shirt,LS Shirt,Hoodie,SS Shirt,LS Shirt,LS Shirt
Donette,Foller,Hamilton,OH,donette.foller@cox.net,Q1,XL,LS Shirt,Polo Shirt,SS Shirt,LS Shirt,Hoodie,SS Shirt,LS Shirt,LS Shirt,Hoodie,Hoodie
Donte,Kines,Worcester,MA,dkines@hotmail.com,Q1,M,Button Down Shirt,Hoodie,LS Shirt,Crewneck Sweater,Button Down Shirt,Hoodie,Button Down Shirt,Zip up Jacket,LS Shirt,Hoodie
Dorothy,Chesterfield,San Diego,CA,dorothy@cox.net,Q1,M,Crewneck Sweater,Zip up Jacket,LS Shirt,Zip up Jacket,LS Shirt,LS Shirt,SS Shirt,SS Shirt,SS Shirt,SS Shirt
Dorthy,Hidvegi,Boise,ID,dhidvegi@yahoo.com,Q1,XS,LS Shirt,SS Shirt,Hoodie,Crewneck Sweater,LS Shirt,Crewneck Sweater,LS Shirt,Polo Shirt,Crewneck Sweater,Hoodie
Dottie,Hellickson,Seattle,WA,dottie@hellickson.org,Q1,L,Hoodie,LS Shirt,SS Shirt,SS Shirt,Crewneck Sweater,Hoodie,Hoodie,LS Shirt,Polo Shirt,SS Shirt
Dulce,Labreche,Rochester,MI,dulce_labreche@yahoo.com,Q1,L,LS Shirt,LS Shirt,SS Shirt,Hoodie,SS Shirt,Button Down Shirt,Hoodie,Hoodie,Crewneck Sweater,Crewneck Sweater
Dyan,Oldroyd,Overland Park,KS,doldroyd@aol.com,Q1,M,LS Shirt,Hoodie,Zip up Jacket,LS Shirt,Zip up Jacket,Zip up Jacket,Hoodie,Hoodie,Hoodie,Hoodie
Earleen,Mai,Dallas,TX,earleen_mai@cox.net,Q1,L,SS Shirt,SS Shirt,SS Shirt,SS Shirt,SS Shirt,Hoodie,Crewneck Sweater,LS Shirt,LS Shirt,Hoodie
Eden,Jayson,Baltimore,MD,eden_jayson@yahoo.com,Q1,XS,LS Shirt,LS Shirt,Zip up Jacket,SS Shirt,Hoodie,LS Shirt,SS Shirt,Zip up Jacket,LS Shirt,LS Shirt
Edna,Miceli,Erie,PA,emiceli@miceli.org,Q1,L,SS Shirt,LS Shirt,Button Down Shirt,Hoodie,LS Shirt,Hoodie,Polo Shirt,LS Shirt,Button Down Shirt,Button Down Shirt
Eladia,Saulter,Ramsey,NJ,eladia@saulter.com,Q1,L,SS Shirt,Hoodie,Crewneck Sweater,Zip up Jacket,Zip up Jacket,Crewneck Sweater,LS Shirt,SS Shirt,LS Shirt,SS Shirt
Elke,Sengbusch,Phoenix,AZ,elke_sengbusch@yahoo.com,Q1,XS,Crewneck Sweater,Button Down Shirt,LS Shirt,SS Shirt,Hoodie,Crewneck Sweater,Hoodie,LS Shirt,Button Down Shirt,Polo Shirt
Elli,Mclaird,Utica,NY,emclaird@mclaird.com,Q1,S,LS Shirt,SS Shirt,Crewneck Sweater,LS Shirt,LS Shirt,LS Shirt,Zip up Jacket,Crewneck Sweater,Hoodie,Crewneck Sweater
Elly,Morocco,Erie,PA,elly_morocco@gmail.com,Q1,M,Zip up Jacket,Hoodie,SS ShirtSS Shirt,Zip up Jacket,Button Down Shirt,Hoodie,LS Shirt,LS Shirt,SS Shirt,Hoodie
Elouise,Gwalthney,Bladensburg,MD,egwalthney@yahoo.com,Q1,S,Hoodie,Button Down Shirt,LS Shirt,LS Shirt,Button Down Shirt,Polo Shirt,SS Shirt,Hoodie,LS Shirt,LS Shirt
Elvera,Benimadho,San Jose,CA,elvera.benimadho@cox.net,Q1,XXL,Hoodie,Zip up Jacket,SS Shirt,LS Shirt,SS Shirt,Hoodie,SS Shirt,SS Shirt,Crewneck Sweater,Polo Shirt
Elza,Lipke,Newark,NJ,elza@yahoo.com,Q1,S,SS Shirt,Zip up Jacket,LS Shirt,Crewneck Sweater,Hoodie,Zip up Jacket,Hoodie,LS Shirt,Hoodie,SS Shirt
Emerson,Bowley,Madison,WI,emerson.bowley@bowley.org,Q1,L,Hoodie,Zip up Jacket,LS Shirt,SS Shirt,SS Shirt,Polo Shirt,LS Shirt,Hoodie,SS Shirt,Hoodie
Erick,Ferencz,Fairbanks,AK,erick.ferencz@aol.com,Q1,S,Button Down Shirt,SS Shirt,Zip up Jacket,LS Shirt,LS Shirt,Hoodie,SS Shirt,LS Shirt,Polo Shirt,LS Shirt
Erick,Nievas,Chicago,IL,erick_nievas@aol.com,Q1,M,Zip up Jacket,Crewneck Sweater,Hoodie,Zip up Jacket,Zip up Jacket,Button Down Shirt,Polo Shirt,Polo Shirt,Hoodie,Crewneck Sweater
Erinn,Canlas,Livingston,NJ,erinn.canlas@canlas.com,Q1,L,Crewneck Sweater,LS Shirt,LS Shirt,LS Shirt,Button Down Shirt,SS Shirt,SS Shirt,SS Shirt,Hoodie,Hoodie
Ernest,Syrop,Hyattsville,MD,ernest@cox.net,Q1,L,Hoodie,Zip up Jacket,Crewneck Sweater,SS Shirt,Hoodie,Button Down Shirt,Hoodie,Hoodie,Hoodie,Zip up Jacket
Ernie,Stenseth,Ridgefield Park,NJ,ernie_stenseth@aol.com,Q1,L,Crewneck Sweater,LS Shirt,LS Shirt,Hoodie,Crewneck Sweater,LS Shirt,LS Shirt,LS Shirt,LS Shirt,LS Shirt
Estrella,Samu,Beloit,WI,estrella@aol.com,Q1,M,Button Down Shirt,LS Shirt,Zip up Jacket,Crewneck Sweater,Zip up Jacket,Crewneck Sweater,SS Shirt,Hoodie,Hoodie,Hoodie
Ettie,Hoopengardner,Richland,WA,ettie.hoopengardner@hotmail.com,Q1,XXL,SS Shirt,SS Shirt,LS Shirt,LS Shirt,LS Shirt,Hoodie,Zip up Jacket,LS Shirt,Zip up Jacket,Zip up Jacket
Eun,Coody,Spartanburg,SC,eun@yahoo.com,Q1,L,Hoodie,Hoodie,LS Shirt,Polo Shirt,Crewneck Sweater,Zip up Jacket,Crewneck Sweater,Zip up Jacket,SS Shirt,SS Shirt
Evangelina,Radde,Philadelphia,PA,evangelina@aol.com,Q1,L,Button Down Shirt,Zip up Jacket,Polo Shirt,Polo Shirt,Hoodie,Crewneck Sweater,Hoodie,LS Shirt,LS Shirt,SS Shirt
Ezekiel,Chui,Easton,MD,ezekiel@chui.com,Q1,L,LS Shirt,LS Shirt,Hoodie,LS Shirt,Zip up Jacket,LS Shirt,Zip up Jacket,LS Shirt,Hoodie,Hoodie
Fabiola,Hauenstein,York,PA,fabiola.hauenstein@hauenstein.org,Q1,L,LS Shirt,SS Shirt,Crewneck Sweater,LS Shirt,LS Shirt,Polo Shirt,LS Shirt,Polo Shirt,LS Shirt,Polo Shirt
Fannie,Lungren,Round Rock,TX,fannie.lungren@yahoo.com,Q1,M,Button Down Shirt,Button Down Shirt,LS Shirt,SS Shirt,Button Down Shirt,Zip up Jacket,Hoodie,Zip up Jacket,LS Shirt,Hoodie
Fatima,Saylors,Hopkins,MN,fsaylors@saylors.org,Q1,M,Hoodie,Crewneck Sweater,Hoodie,Crewneck Sweater,Zip up Jacket,Crewneck Sweater,LS Shirt,SS Shirt,SS Shirt,LS Shirt
Fausto,Agramonte,New York,NY,fausto_agramonte@yahoo.com,Q1,S,Zip up Jacket,LS Shirt,SS Shirt,LS Shirt,Zip up Jacket,Hoodie,SS Shirt,Zip up Jacket,Hoodie,SS Shirt
Felicidad,Poullion,Riverton,NJ,fpoullion@poullion.com,Q1,M,Zip up Jacket,SS Shirt,SS Shirt,SS Shirt,SS Shirt,Button Down Shirt,LS Shirt,LS Shirt,Hoodie,LS Shirt
Felix,Hirpara,Denver,PA,felix_hirpara@cox.net,Q1,L,Hoodie,LS Shirt,Hoodie,SS Shirt,Polo Shirt,SS Shirt,Hoodie,LS Shirt,Hoodie,Hoodie
Fernanda,Jillson,Preston,MD,fjillson@aol.com,Q1,L,SS Shirt,LS Shirt,Crewneck Sweater,SS Shirt,Hoodie,SS Shirt,SS Shirt,LS Shirt,Button Down Shirt,Hoodie
Filiberto,Tawil,Los Angeles,CA,ftawil@hotmail.com,Q1,XS,Zip up Jacket,SS Shirt,Button Down Shirt,SS Shirt,Polo Shirt,LS Shirt,Hoodie,Crewneck Sweater,SS Shirt,SS Shirt
Fletcher,Flosi,Rockford,IL,fletcher.flosi@yahoo.com,Q1,S,Polo Shirt,SS Shirt,Polo Shirt,Hoodie,Zip up Jacket,Crewneck Sweater,LS Shirt,SS Shirt,LS Shirt,Crewneck Sweater
Flo,Bookamer,Alliance,NE,flo.bookamer@cox.net,Q1,XS,LS Shirt,LS Shirt,Hoodie,Hoodie,SS Shirt,Crewneck Sweater,SS Shirt,LS Shirt,Button Down Shirt,Button Down Shirt
France,Buzick,Brooklyn,NY,france.buzick@yahoo.com,Q1,S,LS Shirt,Zip up Jacket,LS Shirt,LS Shirt,Hoodie,LS Shirt,Hoodie,Hoodie,LS Shirt,SS Shirt
Francine,Vocelka,Las Cruces,NM,francine_vocelka@vocelka.com,Q1,M,Polo Shirt,LS Shirt,LS Shirt,Crewneck Sweater,SS Shirt,SS Shirt,LS Shirt,Zip up Jacket,SS Shirt,SS Shirt
Franklyn,Emard,Philadelphia,PA,femard@emard.com,Q1,L,SS Shirt,Hoodie,Crewneck Sweater,LS Shirt,Button Down Shirt,Zip up Jacket,Hoodie,Hoodie,Hoodie,Hoodie
Frederica,Blunk,Dallas,TX,frederica_blunk@gmail.com,Q1,S,Polo Shirt,Crewneck Sweater,Polo Shirt,Crewneck Sweater,Polo Shirt,LS Shirt,SS Shirt,LS Shirt,SS Shirt,LS Shirt
Freeman,Gochal,Coatesville,PA,freeman_gochal@aol.com,Q1,XXL,SS Shirt,Hoodie,Zip up Jacket,Hoodie,Hoodie,Crewneck Sweater,SS Shirt,LS Shirt,Polo Shirt,Crewneck Sweater
Gail,Kitty,Anchorage,AK,gail@kitty.com,Q1,L,Polo Shirt,Crewneck Sweater,LS Shirt,Crewneck Sweater,Zip up Jacket,SS Shirt,Hoodie,SS Shirt,Crewneck Sweater,Button Down Shirt
Gail,Similton,Thousand Palms,CA,gail_similton@similton.com,Q1,XS,Zip up Jacket,LS Shirt,Zip up Jacket,LS Shirt,Crewneck Sweater,SS Shirt,Crewneck Sweater,SS Shirt,Crewneck Sweater,LS Shirt
Galen,Cantres,Brook Park,OH,galen@yahoo.com,Q1,L,Crewneck Sweater,Hoodie,Hoodie,Zip up Jacket,LS Shirt,Hoodie,SS Shirt,Polo Shirt,LS Shirt,Polo Shirt
Garry,Keetch,Southampton,PA,garry_keetch@hotmail.com,Q1,XXL,LS Shirt,Crewneck Sweater,LS Shirt,Button Down Shirt,SS Shirt,Zip up Jacket,LS Shirt,SS Shirt,Hoodie,SS Shirt
Gary,Nunlee,Fortville,IN,gary_nunlee@nunlee.org,Q1,XXL,Hoodie,SS Shirt,Crewneck Sweater,LS Shirt,Hoodie,Button Down Shirt,Zip up Jacket,LS Shirt,LS Shirt,Hoodie
Gayla,Schnitzler,Hayward,CA,gschnitzler@gmail.com,Q1,XL,LS Shirt,Button Down Shirt,Zip up Jacket,LS Shirt,SS Shirt,LS Shirt,Hoodie,LS Shirt,SS Shirt,SS Shirt
Gearldine,Gellinger,Irving,TX,gearldine_gellinger@gellinger.com,Q1,M,LS Shirt,Zip up Jacket,Hoodie,LS Shirt,SS Shirt,LS Shirt,SS Shirt,SS Shirt,Polo Shirt,SS Shirt
Geoffrey,Acey,Palatine,IL,geoffrey@gmail.com,Q1,S,LS Shirt,Crewneck Sweater,Zip up Jacket,Crewneck Sweater,Hoodie,Button Down Shirt,Hoodie,LS Shirt,Hoodie,Hoodie
Georgene,Montezuma,San Ramon,CA,gmontezuma@cox.net,Q1,L,Button Down Shirt,SS Shirt,Zip up Jacket,LS Shirt,LS Shirt,Zip up Jacket,LS Shirt,SS Shirt,Button Down Shirt,SS Shirt
Gertude,Witten,Cincinnati,OH,gertude.witten@gmail.com,Q1,M,Button Down Shirt,Hoodie,LS Shirt,Hoodie,Crewneck Sweater,Zip up Jacket,Polo Shirt,Hoodie,Zip up Jacket,Hoodie
Gilma,Liukko,Garden City,NY,gilma_liukko@gmail.com,Q1,M,Button Down Shirt,Zip up Jacket,Hoodie,SS Shirt,SS Shirt,Hoodie,Crewneck Sweater,SS Shirt,Hoodie,Hoodie
Gladys,Rim,Milwaukee,WI,gladys.rim@rim.org,Q1,M,Zip up Jacket,SS Shirt,Crewneck Sweater,Crewneck Sweater,LS Shirt,SS Shirt,Zip up Jacket,Zip up Jacket,LS Shirt,Hoodie
Glen,Bartolet,Vashon,WA,glen_bartolet@hotmail.com,Q1,L,Hoodie,SS Shirt,LS Shirt,Crewneck Sweater,Crewneck Sweater,LS Shirt,Button Down Shirt,Hoodie,Hoodie,Hoodie
Glendora,Sarbacher,Rohnert Park,CA,gsarbacher@gmail.com,Q1,L,Polo Shirt,SS Shirt,Hoodie,SS Shirt,LS Shirt,Hoodie,Button Down Shirt,LS Shirt,LS Shirt,LS Shirt
Glenn,Berray,Des Moines,IA,gberray@gmail.com,Q1,M,SS Shirt,Hoodie,SS Shirt,SS Shirt,Hoodie,Zip up Jacket,Hoodie,SS Shirt,SS Shirt,LS Shirt
Glenna,Slayton,Memphis,TN,glenna_slayton@cox.net,Q1,M,Zip up Jacket,Crewneck Sweater,Zip up Jacket,Hoodie,Zip up Jacket,LS Shirt,SS Shirt,Button Down Shirt,Hoodie,Zip up Jacket
Glory,Kulzer,Owings Mills,MD,gkulzer@kulzer.org,Q1,M,Zip up Jacket,Zip up Jacket,Hoodie,LS Shirt,LS Shirt,Zip up Jacket,Button Down Shirt,Button Down Shirt,Zip up Jacket,Button Down Shirt
Glory,Schieler,Abilene,TX,glory@yahoo.com,Q1,L,Button Down Shirt,LS Shirt,LS Shirt,Crewneck Sweater,Hoodie,Crewneck Sweater,Hoodie,Polo Shirt,Polo Shirt,Hoodie
Golda,Kaniecki,Toms River,NJ,golda_kaniecki@yahoo.com,Q1,L,Button Down Shirt,LS Shirt,Crewneck Sweater,LS Shirt,LS Shirt,Button Down Shirt,Zip up Jacket,LS Shirt,SS Shirt,LS Shirt
Goldie,Schirpke,Bangor,ME,goldie.schirpke@yahoo.com,Q1,XXL,Polo Shirt,Zip up Jacket,LS Shirt,Zip up Jacket,Crewneck Sweater,Zip up Jacket,LS Shirt,Polo Shirt,Polo Shirt,SS Shirt
Gracia,Melnyk,Jacksonville,FL,gracia@melnyk.com,Q1,M,Hoodie,SS Shirt,Hoodie,SS Shirt,Hoodie,Button Down Shirt,SS Shirt,SS Shirt,Hoodie,Hoodie
Graciela,Ruta,Chagrin Falls,OH,gruta@cox.net,Q1,M,Crewneck Sweater,Zip up Jacket,SS Shirt,Crewneck Sweater,LS Shirt,Button Down Shirt,Zip up Jacket,Crewneck Sweater,Button Down Shirt,Hoodie
Gregoria,Pawlowicz,Garden City,NY,gpawlowicz@yahoo.com,Q1,L,LS Shirt,LS Shirt,SS Shirt,LS Shirt,Polo Shirt,SS Shirt,Polo Shirt,Polo Shirt,Polo Shirt,Hoodie
Gwenn,Suffield,Deer Park,NY,gwenn_suffield@suffield.org,Q1,L,SS Shirt,Hoodie,Hoodie,LS Shirt,SS Shirt,Hoodie,LS Shirt,SS Shirt,LS Shirt,Hoodie
Harrison,Haufler,New Haven,CT,hhaufler@hotmail.com,Q1,M,Crewneck Sweater,Crewneck Sweater,SS Shirt,LS Shirt,Crewneck Sweater,Crewneck Sweater,Hoodie,LS Shirt,LS Shirt,LS Shirt
Haydee,Denooyer,New York,NY,hdenooyer@denooyer.org,Q1,M,Hoodie,SS Shirt,Crewneck Sweater,LS Shirt,SS Shirt,Hoodie,Hoodie,SS Shirt,Crewneck Sweater,Hoodie
Heike,Berganza,Little Falls,NJ,heike@gmail.com,Q1,M,Crewneck Sweater,Hoodie,SS Shirt,LS Shirt,SS Shirt,Zip up Jacket,SS Shirt,LS Shirt,Crewneck Sweater,Polo Shirt
Helaine,Halter,Jersey City,NJ,hhalter@yahoo.com,Q1,L,LS Shirt,LS Shirt,Zip up Jacket,Crewneck Sweater,LS Shirt,LS Shirt,LS Shirt,Crewneck Sweater,Hoodie,Hoodie
Helene,Rodenberger,Peoria,AZ,helene@aol.com,Q1,M,Crewneck Sweater,Hoodie,SS Shirt,SS Shirt,Hoodie,SS Shirt,Button Down Shirt,SS Shirt,SS Shirt,LS Shirt
Helga,Fredicks,Buffalo,NY,helga_fredicks@yahoo.com,Q1,S,LS Shirt,Zip up Jacket,LS Shirt,SS Shirt,SS Shirt,Hoodie,SS Shirt,Polo Shirt,SS Shirt,LS Shirt
Herman,Demesa,Troy,NY,hdemesa@cox.net,Q1,M,Button Down Shirt,LS Shirt,Zip up Jacket,Zip up Jacket,Hoodie,Button Down Shirt,Button Down Shirt,LS Shirt,LS Shirt,SS Shirt
Hermila,Thyberg,Providence,RI,hermila_thyberg@hotmail.com,Q1,L,SS Shirt,Hoodie,Crewneck Sweater,Button Down Shirt,Zip up Jacket,Polo Shirt,Button Down Shirt,LS Shirt,SS Shirt,Hoodie
Herminia,Nicolozakes,Scottsdale,AZ,herminia@nicolozakes.org,Q1,L,LS Shirt,SS Shirt,Hoodie,LS Shirt,SS Shirt,LS Shirt,SS Shirt,SS Shirt,SS Shirt,LS Shirt
Hillary,Skulski,Homosassa,FL,hillary.skulski@aol.com,Q1,L,Button Down Shirt,Zip up Jacket,LS Shirt,SS Shirt,Zip up Jacket,Crewneck Sweater,Hoodie,Hoodie,Hoodie,LS Shirt
Hoa,Sarao,Oak Hill,FL,hoa@sarao.org,Q1,M,Crewneck Sweater,Crewneck Sweater,Zip up Jacket,Hoodie,Zip up Jacket,Button Down Shirt,SS Shirt,SS Shirt,Crewneck Sweater,SS Shirt
Howard,Paulas,Denver,CO,hpaulas@gmail.com,Q1,XXL,Hoodie,LS Shirt,LS Shirt,Crewneck Sweater,Zip up Jacket,LS Shirt,Hoodie,SS Shirt,Hoodie,Hoodie
Hubert,Walthall,Barberton,OH,hubert@walthall.org,Q1,L,SS Shirt,LS Shirt,Crewneck Sweater,SS Shirt,Button Down Shirt,Crewneck Sweater,Hoodie,SS Shirt,LS Shirt,Hoodie
Ilene,Eroman,Glen Burnie,MD,ilene.eroman@hotmail.com,Q1,M,Crewneck Sweater,LS Shirt,Hoodie,SS Shirt,SS Shirt,Button Down Shirt,Hoodie,SS Shirt,Hoodie,Zip up Jacket
Iluminada,Ohms,Mesa,AZ,iluminada.ohms@yahoo.com,Q1,L,Polo Shirt,Zip up Jacket,Zip up Jacket,SS Shirt,LS Shirt,Zip up Jacket,Zip up Jacket,LS Shirt,Button Down Shirt,SS Shirt
Irma,Wolfgramm,Randolph,NJ,irma.wolfgramm@hotmail.com,Q1,L,SS Shirt,LS Shirt,LS Shirt,LS Shirt,Crewneck Sweater,Hoodie,Crewneck Sweater,Polo Shirt,Polo Shirt,Hoodie
Izetta,Dewar,Baltimore,MD,idewar@dewar.com,Q1,M,LS Shirt,Zip up Jacket,SS Shirt,Hoodie,LS Shirt,Button Down Shirt,Polo Shirt,Hoodie,Hoodie,Hoodie
Izetta,Funnell,Atlanta,GA,izetta.funnell@hotmail.com,Q1,XS,Hoodie,SS Shirt,SS Shirt,Zip up Jacket,SS Shirt,Hoodie,LS Shirt,LS Shirt,LS Shirt,LS Shirt
Jaclyn,Bachman,Colorado Springs,CO,jaclyn@aol.com,Q1,L,Crewneck Sweater,Button Down Shirt,LS Shirt,Hoodie,LS Shirt,SS Shirt,Zip up Jacket,Zip up Jacket,Crewneck Sweater,Hoodie
Jacqueline,Rowling,Erie,PA,jacqueline.rowling@yahoo.com,Q1,S,Hoodie,LS Shirt,LS Shirt,Crewneck Sweater,Crewneck Sweater,Button Down Shirt,SS Shirt,Crewneck Sweater,SS Shirt,SS Shirt
Jade,Farrar,Columbia,SC,jade.farrar@yahoo.com,Q1,XXL,Button Down Shirt,LS Shirt,Zip up Jacket,SS Shirt,LS Shirt,Hoodie,SS Shirt,Button Down Shirt,LS Shirt,Hoodie
Jamal,Vanausdal,Monroe Township,NJ,jamal@vanausdal.org,Q1,L,SS Shirt,Hoodie,LS Shirt,Zip up Jacket,Crewneck Sweater,Button Down Shirt,Hoodie,SS Shirt,LS Shirt,Hoodie
James,Butt,New Orleans,LA,jbutt@gmail.com,Q1,L,Polo Shirt,Zip up Jacket,Zip up Jacket,SS Shirt,Hoodie,LS Shirt,SS Shirt,LS Shirt,Hoodie,Zip up Jacket
Janey,Gabisi,Madison,WI,jgabisi@hotmail.com,Q1,L,LS Shirt,SS Shirt,LS Shirt,Zip up Jacket,Hoodie,LS Shirt,Polo Shirt,SS Shirt,Zip up Jacket,SS Shirt
Jani,Biddy,Seattle,WA,jbiddy@yahoo.com,Q1,M,SS Shirt,Hoodie,Crewneck Sweater,SS Shirt,SS Shirt,SS Shirt,SS Shirt,Hoodie,LS Shirt,Hoodie
Janine,Rhoden,Astoria,NY,jrhoden@yahoo.com,Q1,L,Hoodie,Zip up Jacket,SS Shirt,Hoodie,SS Shirt,Button Down Shirt,LS Shirt,Button Down Shirt,Hoodie,Hoodie
Jeanice,Claucherty,Miami,FL,jeanice.claucherty@yahoo.com,Q1,M,LS Shirt,Zip up Jacket,SS Shirt,Crewneck Sweater,LS Shirt,Zip up Jacket,Hoodie,LS Shirt,Polo Shirt,Hoodie
Jenelle,Regusters,Tampa,FL,jregusters@regusters.com,Q1,L,Polo Shirt,Crewneck Sweater,Hoodie,Zip up Jacket,LS Shirt,Hoodie,Polo Shirt,LS Shirt,LS Shirt,LS Shirt
Jennie,Drymon,Scranton,PA,jennie@cox.net,Q1,S,Hoodie,Crewneck Sweater,SS Shirt,LS Shirt,Zip up Jacket,Crewneck Sweater,LS Shirt,SS Shirt,Hoodie,Hoodie
Jennifer,Fallick,Wheeling,IL,jfallick@yahoo.com,Q1,M,Button Down Shirt,SS Shirt,Hoodie,LS Shirt,Button Down Shirt,LS Shirt,LS Shirt,LS Shirt,Crewneck Sweater,SS Shirt
Jerry,Dallen,Richmond,VA,jerry.dallen@yahoo.com,Q1,XL,Zip up Jacket,LS Shirt,LS Shirt,Zip up Jacket,Zip up Jacket,Hoodie,SS Shirt,Zip up Jacket,Crewneck Sweater,Hoodie
Jerry,Zurcher,Satellite Beach,FL,jzurcher@zurcher.org,Q1,M,SS Shirt,Hoodie,LS Shirt,Hoodie,Crewneck Sweater,Crewneck Sweater,SS Shirt,Zip up Jacket,Hoodie,SS Shirt
Jess,Chaffins,New York,NY,jess.chaffins@chaffins.org,Q1,L,Crewneck Sweater,Zip up Jacket,Zip up Jacket,LS Shirt,Crewneck Sweater,Zip up Jacket,Crewneck Sweater,Crewneck Sweater,Polo Shirt,SS Shirt
Jesusa,Shin,Tullahoma,TN,jshin@shin.com,Q1,M,Hoodie,SS Shirt,Hoodie,SS Shirt,SS Shirt,LS Shirt,Hoodie,SS Shirt,Button Down Shirt,SS Shirt
Jesusita,Flister,Lancaster,PA,jesusita.flister@hotmail.com,Q1,XS,LS Shirt,LS Shirt,SS Shirt,Zip up Jacket,Hoodie,Zip up Jacket,LS Shirt,Hoodie,Hoodie,Hoodie
Jettie,Mconnell,Bridgewater,NJ,jmconnell@hotmail.com,Q1,M,Crewneck Sweater,LS Shirt,SS Shirt,SS Shirt,Zip up Jacket,Zip up Jacket,SS Shirt,Zip up Jacket,LS Shirt,LS Shirt
Jina,Briddick,Boston,MA,jina_briddick@briddick.com,Q1,M,Hoodie,Zip up Jacket,LS Shirt,Hoodie,Zip up Jacket,Hoodie,Hoodie,LS Shirt,LS Shirt,SS Shirt
Joanna,Leinenbach,Lake Worth,FL,joanna_leinenbach@hotmail.com,Q1,L,Crewneck Sweater,Zip up Jacket,Hoodie,LS Shirt,Button Down Shirt,Hoodie,Polo Shirt,Polo Shirt,SS Shirt,SS Shirt
Joesph,Degonia,Berkeley,CA,joesph_degonia@degonia.org,Q1,M,Zip up Jacket,SS Shirt,SS Shirt,Zip up Jacket,Zip up Jacket,Button Down Shirt,SS Shirt,LS Shirt,Hoodie,LS Shirt
Johnetta,Abdallah,Chapel Hill,NC,johnetta_abdallah@aol.com,Q1,M,Zip up Jacket,Hoodie,Zip up Jacket,LS Shirt,Zip up Jacket,Hoodie,Hoodie,Hoodie,SS Shirt,Hoodie
Johnna,Engelberg,Bothell,WA,jengelberg@engelberg.org,Q1,M,Hoodie,Crewneck Sweater,Hoodie,SS Shirt,SS Shirt,SS Shirt,LS Shirt,SS Shirt,SS Shirt,LS Shirt
Jolanda,Hanafan,Bangor,ME,jhanafan@gmail.com,Q1,XL,SS Shirt,SS Shirt,Crewneck Sweater,Hoodie,SS Shirt,Zip up Jacket,Button Down Shirt,LS Shirt,Hoodie,LS Shirt
Jolene,Ostolaza,Newport News,VA,jolene@yahoo.com,Q1,S,LS Shirt,Crewneck Sweater,LS Shirt,Polo Shirt,SS Shirt,Crewneck Sweater,Zip up Jacket,Zip up Jacket,Hoodie,Hoodie
Joni,Breland,Elk Grove Village,IL,joni_breland@cox.net,Q1,L,SS Shirt,Hoodie,Polo Shirt,Hoodie,Zip up Jacket,LS Shirt,Crewneck Sweater,SS Shirt,Hoodie,Hoodie
Jose,Stockham,New York,NY,jose@yahoo.com,Q1,S,Crewneck Sweater,SS Shirt,Zip up Jacket,SS Shirt,Crewneck Sweater,Crewneck Sweater,Zip up Jacket,Zip up Jacket,Zip up Jacket,Zip up Jacket
Joseph,Cryer,Huntington Beach,CA,joseph_cryer@cox.net,Q1,L,Hoodie,Polo Shirt,LS Shirt,LS Shirt,LS Shirt,Crewneck Sweater,Polo Shirt,LS Shirt,SS Shirt,LS Shirt
Josephine,Darakjy,Brighton,MI,josephine_darakjy@darakjy.org,Q1,M,LS Shirt,Zip up Jacket,Crewneck Sweater,SS Shirt,SS Shirt,Zip up Jacket,SS Shirt,Hoodie,Hoodie,SS Shirt
Josphine,Villanueva,Moss,TN,josphine_villanueva@villanueva.com,Q1,L,Hoodie,LS Shirt,SS Shirt,Hoodie,Crewneck Sweater,Hoodie,Zip up Jacket,Crewneck Sweater,Zip up Jacket,Hoodie
Jovita,Oles,Daytona Beach,FL,joles@gmail.com,Q1,S,SS Shirt,LS Shirt,Zip up Jacket,Crewneck Sweater,LS Shirt,Zip up Jacket,LS Shirt,Button Down Shirt,LS Shirt,Hoodie
Judy,Aquas,Niles,MI,jaquas@aquas.com,Q1,M,LS Shirt,Zip up Jacket,Hoodie,Crewneck Sweater,Hoodie,SS Shirt,Button Down Shirt,SS Shirt,Hoodie,Hoodie
Junita,Brideau,Cedar Grove,NJ,jbrideau@aol.com,Q1,L,Hoodie,Crewneck Sweater,LS Shirt,Zip up Jacket,Zip up Jacket,Polo Shirt,Zip up Jacket,Button Down Shirt,SS Shirt,SS Shirt
Junita,Stoltzman,Carson City,NV,junita@aol.com,Q1,S,Zip up Jacket,Zip up Jacket,Polo Shirt,Polo Shirt,SS Shirt,Polo Shirt,Polo Shirt,LS Shirt,Polo Shirt,Zip up Jacket
Justine,Ferrario,Pomona,CA,jferrario@hotmail.com,Q1,L,Zip up Jacket,Hoodie,Zip up Jacket,Button Down Shirt,SS Shirt,Button Down Shirt,Hoodie,Hoodie,SS Shirt,Zip up Jacket
Justine,Mugnolo,New York,NY,jmugnolo@yahoo.com,Q1,L,LS Shirt,Zip up Jacket,Hoodie,Crewneck Sweater,Hoodie,Crewneck Sweater,Zip up Jacket,SS Shirt,Hoodie,Button Down Shirt
Jutta,Amyot,Broussard,LA,jamyot@hotmail.com,Q1,L,Polo Shirt,Polo Shirt,Polo Shirt,LS Shirt,Polo Shirt,Hoodie,LS Shirt,SS Shirt,Button Down Shirt,SS Shirt
Kaitlyn,Ogg,Baltimore,MD,kaitlyn.ogg@gmail.com,Q1,L,LS Shirt,Crewneck Sweater,Zip up Jacket,Hoodie,SS Shirt,Hoodie,Hoodie,Hoodie,SS Shirt,Hoodie
Kallie,Blackwood,San Francisco,CA,kallie.blackwood@gmail.com,Q1,M,Zip up Jacket,Hoodie,SS Shirt,Hoodie,Crewneck Sweater,Button Down Shirt,Hoodie,Polo Shirt,Hoodie,Polo Shirt
Kanisha,Waycott,Los Angeles,CA,kanisha_waycott@yahoo.com,Q1,S,SS Shirt,SS Shirt,SS Shirt,Zip up Jacket,LS Shirt,Zip up Jacket,SS Shirt,SS Shirt,Hoodie,LS Shirt
Karan,Karpin,Beaverton,OR,karan_karpin@gmail.com,Q1,XL,Hoodie,SS Shirt,Hoodie,Polo Shirt,SS Shirt,SS Shirt,Hoodie,Hoodie,LS Shirt,Crewneck Sweater
Karl,Klonowski,Flemington,NJ,karl_klonowski@yahoo.com,Q1,L,Button Down Shirt,LS Shirt,SS Shirt,LS Shirt,Crewneck Sweater,Button Down Shirt,SS Shirt,LS Shirt,SS Shirt,Zip up Jacket
Kasandra,Semidey,Saint Louis,MO,kasandra_semidey@semidey.com,Q1,L,Polo Shirt,Crewneck Sweater,SS Shirt,Zip up Jacket,Hoodie,Zip up Jacket,Hoodie,SS Shirt,Zip up Jacket,LS Shirt
Kate,Keneipp,Green Bay,WI,kate_keneipp@yahoo.com,Q1,M,SS Shirt,Hoodie,LS Shirt,Button Down Shirt,Zip up Jacket,LS Shirt,LS Shirt,Polo Shirt,Hoodie,Polo Shirt
Kati,Rulapaugh,Abilene,KS,kati.rulapaugh@hotmail.com,Q1,S,Hoodie,SS Shirt,LS Shirt,Hoodie,SS Shirt,Crewneck Sweater,Crewneck Sweater,Zip up Jacket,LS Shirt,SS Shirt
Katina,Polidori,Wilmington,MA,katina_polidori@aol.com,Q1,M,Polo Shirt,SS Shirt,SS Shirt,Hoodie,Button Down Shirt,Hoodie,Zip up Jacket,LS Shirt,LS Shirt,SS Shirt
Kattie,Vonasek,Cleveland,OH,kattie@vonasek.org,Q1,L,Hoodie,Hoodie,Polo Shirt,Crewneck Sweater,LS Shirt,Crewneck Sweater,Hoodie,Hoodie,Hoodie,LS Shirt
Kayleigh,Lace,Lafayette,LA,kayleigh.lace@yahoo.com,Q1,M,Zip up Jacket,Zip up Jacket,LS Shirt,SS Shirt,Zip up Jacket,LS Shirt,Hoodie,SS Shirt,Hoodie,Hoodie
Keneth,Borgman,Phoenix,AZ,keneth@yahoo.com,Q1,S,Hoodie,LS Shirt,SS Shirt,Hoodie,Hoodie,LS Shirt,Hoodie,SS Shirt,Crewneck Sweater,LS Shirt
Kenneth,Grenet,East Lansing,MI,kenneth.grenet@grenet.org,Q1,L,Crewneck Sweater,SS Shirt,SS Shirt,Zip up Jacket,SS Shirt,Zip up Jacket,Zip up Jacket,Hoodie,Polo Shirt,Crewneck Sweater
Kerry,Theodorov,Sacramento,CA,kerry.theodorov@gmail.com,Q1,S,Hoodie,LS Shirt,Hoodie,Zip up Jacket,SS Shirt,Hoodie,Zip up Jacket,Polo Shirt,SS Shirt,Hoodie
Kiley,Caldarera,Los Angeles,CA,kiley.caldarera@aol.com,Q1,M,Crewneck Sweater,Crewneck Sweater,LS Shirt,SS Shirt,Crewneck Sweater,LS Shirt,LS Shirt,Hoodie,Button Down Shirt,LS Shirt
Kimberlie,Duenas,Hays,KS,kimberlie_duenas@yahoo.com,Q1,XS,Hoodie,Hoodie,LS Shirt,SS Shirt,LS Shirt,Button Down Shirt,Zip up Jacket,Polo Shirt,LS Shirt,Hoodie
Kimbery,Madarang,Rockaway,NJ,kimbery_madarang@cox.net,Q1,M,Zip up Jacket,LS Shirt,Hoodie,Crewneck Sweater,Hoodie,SS Shirt,SS Shirt,SS Shirt,Crewneck Sweater,SS Shirt
Kirk,Herritt,Vestal,NY,kirk.herritt@aol.com,Q1,M,SS Shirt,SS Shirt,Zip up Jacket,LS Shirt,SS Shirt,Polo Shirt,SS Shirt,LS Shirt,SS Shirt,Hoodie
Kris,Marrier,Baltimore,MD,kris@gmail.com,Q1,M,Crewneck Sweater,Polo Shirt,SS Shirt,LS Shirt,LS Shirt,Crewneck Sweater,Crewneck Sweater,Zip up Jacket,Crewneck Sweater,Crewneck Sweater
Krissy,Rauser,Coram,NY,krauser@cox.net,Q1,M,LS Shirt,LS Shirt,SS Shirt,SS Shirt,Button Down Shirt,LS Shirt,Hoodie,Polo Shirt,Polo Shirt,Hoodie
Kristeen,Turinetti,Arlington,TX,kristeen@gmail.com,Q1,S,Hoodie,LS Shirt,Hoodie,Polo Shirt,Crewneck Sweater,LS Shirt,SS Shirt,SS Shirt,LS Shirt,SS Shirt
Kristel,Ehmann,El Paso,TX,kristel.ehmann@aol.com,Q1,S,SS Shirt,SS Shirt,SS Shirt,Hoodie,SS Shirt,Zip up Jacket,LS Shirt,Hoodie,Button Down Shirt,SS Shirt
Kristofer,Bennick,Bloomington,IN,kristofer.bennick@yahoo.com,Q1,L,LS Shirt,LS Shirt,Button Down Shirt,LS Shirt,Hoodie,Crewneck Sweater,SS Shirt,Zip up Jacket,Hoodie,Hoodie
Lai,Gato,Evanston,IL,lai.gato@gato.org,Q1,L,Zip up Jacket,SS Shirt,LS Shirt,Zip up Jacket,SS Shirt,Zip up Jacket,Zip up Jacket,SS Shirt,Hoodie,LS Shirt
Lai,Harabedian,Novato,CA,lai@gmail.com,Q1,S,LS Shirt,LS Shirt,LS Shirt,LS Shirt,Hoodie,Hoodie,Zip up Jacket,Hoodie,Hoodie,Zip up Jacket
Larae,Gudroe,Houma,LA,larae_gudroe@gmail.com,Q1,M,Button Down Shirt,SS Shirt,Hoodie,Crewneck Sweater,Button Down Shirt,Zip up Jacket,Button Down Shirt,Crewneck Sweater,Crewneck Sweater,Hoodie
Lashandra,Klang,King of Prussia,PA,lashandra@yahoo.com,Q1,XL,Crewneck Sweater,LS Shirt,SS Shirt,Button Down Shirt,LS Shirt,SS Shirt,SS Shirt,Hoodie,Polo Shirt,Button Down Shirt
Lashaunda,Lizama,Hanover,MD,llizama@cox.net,Q1,S,SS Shirt,Hoodie,Hoodie,Crewneck Sweater,Zip up Jacket,Zip up Jacket,SS Shirt,SS Shirt,LS Shirt,Hoodie
Lashawnda,Stuer,Toledo,OH,lstuer@cox.net,Q1,S,Crewneck Sweater,LS Shirt,SS Shirt,Zip up Jacket,Hoodie,Zip up Jacket,Crewneck Sweater,Button Down Shirt,Hoodie,Polo Shirt
Lashon,Vizarro,Roseville,CA,lashon@aol.com,Q1,L,Hoodie,Zip up Jacket,LS Shirt,SS Shirt,Zip up Jacket,LS Shirt,LS Shirt,Hoodie,Hoodie,LS Shirt
Laticia,Merced,Cincinnati,OH,lmerced@gmail.com,Q1,S,SS Shirt,Crewneck Sweater,Crewneck Sweater,SS Shirt,Zip up Jacket,LS Shirt,SS Shirt,SS Shirt,Hoodie,LS Shirt
Latrice,Tolfree,Ronkonkoma,NY,latrice.tolfree@hotmail.com,Q1,L,SS Shirt,SS Shirt,Hoodie,LS Shirt,Crewneck Sweater,Crewneck Sweater,Crewneck Sweater,LS Shirt,LS Shirt,Polo Shirt
Lauran,Burnard,Riverton,WY,lburnard@burnard.com,Q1,M,Hoodie,LS Shirt,Button Down Shirt,Hoodie,SS Shirt,Hoodie,SS Shirt,SS Shirt,SS Shirt,LS Shirt
Laurel,Pagliuca,Richland,WA,laurel@yahoo.com,Q1,L,LS Shirt,Zip up Jacket,Zip up Jacket,LS Shirt,LS Shirt,LS Shirt,Hoodie,LS Shirt,SS Shirt,SS Shirt
Laurel,Reitler,Baltimore,MD,laurel_reitler@reitler.com,Q1,S,SS Shirt,LS Shirt,Hoodie,SS Shirt,Crewneck Sweater,Zip up Jacket,SS Shirt,SS Shirt,LS Shirt,LS Shirt
Lavera,Perin,Miami,FL,lperin@perin.org,Q1,S,Hoodie,Button Down Shirt,SS Shirt,Zip up Jacket,Crewneck Sweater,LS Shirt,Zip up Jacket,Zip up Jacket,Hoodie,Hoodie
Lavonda,Hengel,Fargo,ND,lavonda@cox.net,Q1,M,Zip up Jacket,Zip up Jacket,Zip up Jacket,SS Shirt,Polo Shirt,Crewneck Sweater,Hoodie,Crewneck Sweater,Crewneck Sweater,Crewneck Sweater
Lavonna,Wolny,Mc Lean,VA,lavonna.wolny@hotmail.com,Q1,S,SS Shirt,SS Shirt,Hoodie,LS Shirt,Hoodie,Zip up Jacket,Zip up Jacket,Hoodie,Hoodie,SS Shirt
Lawrence,Lorens,Providence,RI,lawrence.lorens@hotmail.com,Q1,M,Zip up Jacket,LS Shirt,Zip up Jacket,SS Shirt,SS Shirt,LS Shirt,Button Down Shirt,LS Shirt,LS Shirt,LS Shirt
Layla,Springe,New York,NY,layla.springe@cox.net,Q1,S,SS Shirt,Crewneck Sweater,LS Shirt,Hoodie,LS Shirt,Hoodie,SS Shirt,SS Shirt,Hoodie,Hoodie
Leatha,Hagele,Dallas,TX,lhagele@cox.net,Q1,M,Button Down Shirt,Hoodie,Crewneck Sweater,Polo Shirt,Crewneck Sweater,Zip up Jacket,LS Shirt,SS Shirt,Hoodie,Hoodie
Lemuel,Latzke,Bohemia,NY,lemuel.latzke@gmail.com,Q1,M,Polo Shirt,LS Shirt,Polo Shirt,Polo Shirt,SS Shirt,LS Shirt,SS Shirt,LS Shirt,SS Shirt,LS Shirt
Lenna,Newville,Raleigh,NC,lnewville@newville.com,Q1,L,Zip up Jacket,LS Shirt,SS Shirt,SS Shirt,SS Shirt,LS Shirt,Hoodie,LS Shirt,SS Shirt,LS Shirt
Lenna,Paprocki,Anchorage,AK,lpaprocki@hotmail.com,Q1,L,Hoodie,SS Shirt,LS Shirt,Hoodie,Crewneck Sweater,Crewneck Sweater,SS Shirt,Zip up Jacket,LS Shirt,Hoodie
Leonida,Gobern,Biloxi,MS,leonida@gobern.org,Q1,M,Zip up Jacket,LS Shirt,LS Shirt,Zip up Jacket,LS Shirt,Button Down Shirt,Zip up Jacket,SS Shirt,,SS Shirt
Leonora,Mauson,Passaic,NJ,leonora@yahoo.com,Q1,L,Zip up Jacket,Zip up Jacket,Zip up Jacket,Hoodie,Button Down Shirt,LS Shirt,LS Shirt,Hoodie,Crewneck Sweater,Crewneck Sweater
Leota,Dilliard,San Jose,CA,leota@hotmail.com,Q1,M,LS Shirt,LS Shirt,LS Shirt,SS Shirt,Crewneck Sweater,Hoodie,Hoodie,Hoodie,SS Shirt,LS Shirt
Leota,Ragel,Trion,GA,leota.ragel@gmail.com,Q1,L,SS Shirt,Hoodie,SS Shirt,SS Shirt,Zip up Jacket,SS Shirt,Hoodie,LS Shirt,SS Shirt,Button Down Shirt
Leslie,Threets,Katonah,NY,leslie@cox.net,Q1,S,Button Down Shirt,SS Shirt,SS Shirt,LS Shirt,LS Shirt,Zip up Jacket,SS Shirt,Zip up Jacket,Zip up Jacket,Zip up Jacket
Lettie,Isenhower,Beachwood,OH,lettie_isenhower@yahoo.com,Q1,M,Zip up Jacket,Hoodie,SS Shirt,SS Shirt,Zip up Jacket,SS Shirt,SS Shirt,SS Shirt,SS Shirt,LS Shirt
Levi,Munis,Worcester,MA,levi.munis@gmail.com,Q1,L,Hoodie,Hoodie,LS Shirt,SS Shirt,Hoodie,SS Shirt,SS Shirt,Hoodie,Polo Shirt,Hoodie
Lezlie,Craghead,Smithfield,NC,lezlie.craghead@craghead.org,Q1,L,Zip up Jacket,Crewneck Sweater,Crewneck Sweater,LS Shirt,SS Shirt,LS Shirt,Crewneck Sweater,Hoodie,SS Shirt,LS Shirt
Ligia,Reiber,Lansing,MI,lreiber@cox.net,Q1,XS,Polo Shirt,SS Shirt,LS Shirt,LS Shirt,LS Shirt,SS Shirt,LS Shirt,SS Shirt,Polo Shirt,LS Shirt
Lili,Paskin,Kearny,NJ,lili.paskin@cox.net,Q1,L,Zip up Jacket,Zip up Jacket,Hoodie,LS Shirt,Zip up Jacket,SS Shirt,Zip up Jacket,LS Shirt,Button Down Shirt,Button Down Shirt
Lilli,Scriven,Abilene,TX,lilli@aol.com,Q1,XL,Hoodie,Button Down Shirt,SS Shirt,SS Shirt,Crewneck Sweater,Hoodie,SS Shirt,LS Shirt,LS Shirt,SS Shirt
Lindsey,Dilello,Ontario,CA,lindsey.dilello@hotmail.com,Q1,XXL,Button Down Shirt,LS Shirt,SS Shirt,Hoodie,Zip up Jacket,Zip up Jacket,Zip up Jacket,LS Shirt,Crewneck Sweater,LS Shirt
Linn,Paa,Memphis,TN,linn_paa@paa.com,Q1,M,LS Shirt,LS Shirt,LS Shirt,LS Shirt,LS Shirt,LS Shirt,LS Shirt,Button Down Shirt,Button Down Shirt,Button Down Shirt
Lisha,Centini,Mc Lean,VA,lisha@centini.org,Q1,M,Polo Shirt,LS Shirt,Crewneck Sweater,LS Shirt,Zip up Jacket,Zip up Jacket,Zip up Jacket,SS Shirt,Hoodie,SS Shirt
Lizbeth,Kohl,Gardena,CA,lizbeth@yahoo.com,Q1,L,Crewneck Sweater,Hoodie,LS Shirt,Crewneck Sweater,Hoodie,Hoodie,Hoodie,Hoodie,Hoodie,Hoodie
Lizette,Stem,Cherry Hill,NJ,lizette.stem@aol.com,Q1,M,SS Shirt,Zip up Jacket,SS Shirt,Crewneck Sweater,Zip up Jacket,Zip up Jacket,LS Shirt,LS Shirt,Hoodie,Hoodie
Lonna,Diestel,Fayetteville,NC,lonna_diestel@gmail.com,Q1,L,LS Shirt,Polo Shirt,SS Shirt,Zip up Jacket,Hoodie,Zip up Jacket,SS Shirt,Hoodie,LS Shirt,Crewneck Sweater
Lonny,Weglarz,Salt Lake City,UT,lonny_weglarz@gmail.com,Q1,S,LS Shirt,Crewneck Sweater,Hoodie,LS Shirt,Zip up Jacket,LS Shirt,Button Down Shirt,Hoodie,Hoodie,Button Down Shirt
Lorean,Martabano,San Antonio,TX,lorean.martabano@hotmail.com,Q1,XL,Crewneck Sweater,SS Shirt,SS Shirt,SS Shirt,Zip up Jacket,SS Shirt,Hoodie,Hoodie,Hoodie,Hoodie
Loren,Asar,Old Forge,PA,loren.asar@aol.com,Q1,M,Zip up Jacket,Hoodie,Crewneck Sweater,LS Shirt,Hoodie,LS Shirt,Zip up Jacket,SS Shirt,Hoodie,SS Shirt
Loreta,Timenez,Clinton,MD,loreta.timenez@hotmail.com,Q1,L,Hoodie,Crewneck Sweater,SS Shirt,Zip up Jacket,Crewneck Sweater,SS Shirt,Hoodie,LS Shirt,LS Shirt,LS Shirt
Lorrie,Nestle,Tullahoma,TN,lnestle@hotmail.com,Q1,M,LS Shirt,LS Shirt,SS Shirt,LS Shirt,Crewneck Sweater,Zip up Jacket,SS Shirt,Button Down Shirt,Button Down Shirt,LS Shirt
Lorrine,Worlds,Tampa,FL,lorrine.worlds@worlds.com,Q1,S,Zip up Jacket,Hoodie,LS Shirt,Hoodie,SS Shirt,Hoodie,LS Shirt,Crewneck Sweater,Hoodie,Crewneck Sweater
Louisa,Cronauer,San Leandro,CA,louisa@cronauer.com,Q1,XS,LS Shirt,Crewneck Sweater,SS Shirt,SS Shirt,LS Shirt,LS Shirt,Hoodie,Hoodie,Zip up Jacket,Crewneck Sweater
Louvenia,Beech,Beverly Hills,CA,louvenia.beech@beech.com,Q1,S,SS Shirt,LS Shirt,Crewneck Sweater,SS Shirt,SS Shirt,Button Down Shirt,Hoodie,SS Shirt,Hoodie,Hoodie
Lucina,Lary,Cocoa,FL,lucina_lary@cox.net,Q1,M,LS Shirt,Zip up Jacket,Zip up Jacket,LS Shirt,Button Down Shirt,LS Shirt,Hoodie,LS Shirt,SS Shirt,Crewneck Sweater
Lucy,Treston,Worcester,MA,lucy@cox.net,Q1,L,Crewneck Sweater,Zip up Jacket,SS Shirt,SS Shirt,Zip up Jacket,Zip up Jacket,SS Shirt,Zip up Jacket,LS Shirt,SS Shirt
Luisa,Jurney,Cambridge,MA,ljurney@hotmail.com,Q1,M,Hoodie,Zip up Jacket,Zip up Jacket,LS Shirt,SS Shirt,Zip up Jacket,Hoodie,Hoodie,Hoodie,SS Shirt
Lynelle,Auber,Newark,NJ,lynelle_auber@gmail.com,Q1,L,Zip up Jacket,Hoodie,LS Shirt,LS Shirt,SS Shirt,LS Shirt,LS Shirt,Hoodie,LS Shirt,LS Shirt
Ma,Layous,North Haven,CT,mlayous@hotmail.com,Q1,M,SS Shirt,Crewneck Sweater,Zip up Jacket,Hoodie,LS Shirt,SS Shirt,SS Shirt,SS Shirt,Hoodie,Button Down Shirt
Maile,Linahan,Greensboro,NC,mlinahan@yahoo.com,Q1,M,Hoodie,SS Shirt,LS Shirt,Crewneck Sweater,Crewneck Sweater,Hoodie,SS Shirt,LS Shirt,LS Shirt,Crewneck Sweater
Malcolm,Tromblay,Annandale,VA,malcolm_tromblay@cox.net,Q1,M,LS Shirt,Zip up Jacket,SS Shirt,SS Shirt,SS Shirt,SS Shirt,Hoodie,Polo Shirt,Button Down Shirt,LS Shirt
Malinda,Hochard,Indianapolis,IN,malinda.hochard@yahoo.com,Q1,M,Crewneck Sweater,LS Shirt,Crewneck Sweater,LS Shirt,SS Shirt,SS Shirt,SS Shirt,Crewneck Sweater,Hoodie,SS Shirt
Margart,Meisel,Cincinnati,OH,margart_meisel@yahoo.com,Q1,S,LS Shirt,SS Shirt,SS Shirt,Zip up Jacket,Hoodie,LS Shirt,LS Shirt,Hoodie,SS Shirt,Button Down Shirt
Marge,Limmel,Crestview,FL,marge@gmail.com,Q1,L,Polo Shirt,Hoodie,LS Shirt,LS Shirt,Crewneck Sweater,Crewneck Sweater,Hoodie,SS Shirt,Crewneck Sweater,LS Shirt
Marguerita,Hiatt,Oakley,CA,marguerita.hiatt@gmail.com,Q1,S,LS Shirt,Crewneck Sweater,Crewneck Sweater,Crewneck Sweater,Zip up Jacket,LS Shirt,SS Shirt,LS Shirt,Hoodie,SS Shirt
Mari,Lueckenbach,San Diego,CA,mari_lueckenbach@yahoo.com,Q1,S,Polo Shirt,Hoodie,LS Shirt,LS Shirt,Hoodie,SS Shirt,LS Shirt,Crewneck Sweater,Zip up Jacket,Hoodie
Mariann,Bilden,Austin,TX,mariann.bilden@aol.com,Q1,L,Zip up Jacket,LS Shirt,SS Shirt,Crewneck Sweater,Crewneck Sweater,LS Shirt,SS Shirt,Hoodie,Hoodie,SS Shirt
Marjory,Mastella,Wayne,PA,mmastella@mastella.com,Q1,M,SS Shirt,Hoodie,Crewneck Sweater,SS Shirt,LS Shirt,Zip up Jacket,Button Down Shirt,Button Down Shirt,SS Shirt,SS Shirt
Markus,Lukasik,Sterling Heights,MI,markus@yahoo.com,Q1,M,Zip up Jacket,Zip up Jacket,Zip up Jacket,Hoodie,Zip up Jacket,Hoodie,LS Shirt,SS Shirt,Polo Shirt,LS Shirt
Marti,Maybury,Chicago,IL,marti.maybury@yahoo.com,Q1,M,Hoodie,Polo Shirt,LS Shirt,Zip up Jacket,Crewneck Sweater,Crewneck Sweater,Polo Shirt,Polo Shirt,SS Shirt,Hoodie
Martina,Staback,Orlando,FL,martina_staback@staback.com,Q1,M,Button Down Shirt,LS Shirt,LS Shirt,LS Shirt,LS Shirt,LS Shirt,Polo Shirt,SS Shirt,LS Shirt,Hoodie
Marvel,Raymo,College Station,TX,mraymo@yahoo.com,Q1,L,Hoodie,SS Shirt,SS Shirt,SS Shirt,Crewneck Sweater,LS Shirt,Hoodie,LS Shirt,Polo Shirt,Button Down Shirt
Maryann,Royster,Albany,NY,mroyster@royster.com,Q1,L,Button Down Shirt,Crewneck Sweater,LS Shirt,LS Shirt,LS Shirt,Hoodie,Zip up Jacket,SS Shirt,Hoodie,LS Shirt
Matthew,Neither,Shakopee,MN,mneither@yahoo.com,Q1,XL,SS Shirt,Hoodie,LS Shirt,LS Shirt,Hoodie,Button Down Shirt,SS Shirt,SS Shirt,SS Shirt,Hoodie
Mattie,Poquette,Phoenix,AZ,mattie@aol.com,Q1,XL,LS Shirt,Zip up Jacket,SS Shirt,SS Shirt,Zip up Jacket,Button Down Shirt,LS Shirt,Hoodie,SS Shirt,SS Shirt
Maurine,Yglesias,Milwaukee,WI,maurine_yglesias@yglesias.com,Q1,S,SS Shirt,Zip up Jacket,Hoodie,Hoodie,SS Shirt,Zip up Jacket,Hoodie,LS Shirt,LS Shirt,Crewneck Sweater
Meaghan,Garufi,Mc Minnville,TN,meaghan@hotmail.com,Q1,M,LS Shirt,LS Shirt,Zip up Jacket,Crewneck Sweater,LS Shirt,Hoodie,Crewneck Sweater,SS Shirt,Hoodie,Hoodie
Melissa,Wiklund,Findlay,OH,melissa@cox.net,Q1,S,Zip up Jacket,Zip up Jacket,LS Shirt,Button Down Shirt,Crewneck Sweater,Zip up Jacket,SS Shirt,Button Down Shirt,Hoodie,SS Shirt
Melodie,Knipp,Thousand Oaks,CA,mknipp@gmail.com,Q1,M,Hoodie,Zip up Jacket,Zip up Jacket,Hoodie,Zip up Jacket,Zip up Jacket,Button Down Shirt,LS Shirt,Zip up Jacket,Hoodie
Merilyn,Bayless,Santa Clara,CA,merilyn_bayless@cox.net,Q1,L,Zip up Jacket,LS Shirt,Crewneck Sweater,LS Shirt,Zip up Jacket,LS Shirt,LS Shirt,Hoodie,SS Shirt,SS Shirt
Merissa,Tomblin,Bellflower,CA,merissa.tomblin@gmail.com,Q1,M,Crewneck Sweater,Hoodie,SS Shirt,Zip up Jacket,Hoodie,SS Shirt,SS Shirt,LS Shirt,Hoodie,Crewneck Sweater
Merlyn,Lawler,Jersey City,NJ,merlyn_lawler@hotmail.com,Q1,S,SS Shirt,Zip up Jacket,Crewneck Sweater,LS Shirt,Crewneck Sweater,Crewneck Sweater,LS Shirt,SS Shirt,SS Shirt,Crewneck Sweater
Micaela,Rhymes,Concord,CA,micaela_rhymes@gmail.com,Q1,L,SS Shirt,Zip up Jacket,SS Shirt,LS Shirt,SS Shirt,LS Shirt,Hoodie,LS Shirt,LS Shirt,LS Shirt
Minna,Amigon,Kulpsville,PA,minna_amigon@yahoo.com,Q1,L,Hoodie,Hoodie,Crewneck Sweater,Zip up Jacket,Hoodie,SS Shirt,SS Shirt,Zip up Jacket,Hoodie,LS Shirt
Mireya,Frerking,Pelham,NY,mireya.frerking@hotmail.com,Q1,L,Crewneck Sweater,Polo Shirt,Hoodie,LS Shirt,Zip up Jacket,Zip up Jacket,LS Shirt,SS Shirt,SS Shirt,Hoodie
Mirta,Mallett,New York,NY,mirta_mallett@gmail.com,Q1,L,Hoodie,LS Shirt,SS Shirt,Zip up Jacket,LS Shirt,Hoodie,SS Shirt,Hoodie,Polo Shirt,LS Shirt
Mitsue,Scipione,Oroville,CA,mscipione@scipione.com,Q1,L,Zip up Jacket,LS Shirt,Crewneck Sweater,Zip up Jacket,SS Shirt,SS Shirt,Hoodie,SS Shirt,Hoodie,SS Shirt
Mitsue,Tollner,Chicago,IL,mitsue_tollner@yahoo.com,Q1,M,Crewneck Sweater,Button Down Shirt,Button Down Shirt,Hoodie,LS Shirt,LS Shirt,SS Shirt,Zip up Jacket,SS Shirt,LS Shirt
Mitzie,Hudnall,Englewood,CO,mitzie_hudnall@yahoo.com,Q1,M,Crewneck Sweater,LS Shirt,SS Shirt,SS Shirt,SS Shirt,Hoodie,LS Shirt,Hoodie,Hoodie,SS Shirt
Mollie,Mcdoniel,Bowling Green,OH,mollie_mcdoniel@yahoo.com,Q1,S,Polo Shirt,Hoodie,LS Shirt,LS Shirt,SS Shirt,Polo Shirt,Zip up Jacket,Zip up Jacket,Crewneck Sweater,Hoodie
Mona,Delasancha,Cheyenne,WY,mdelasancha@hotmail.com,Q1,S,SS Shirt,Crewneck Sweater,Hoodie,Zip up Jacket,SS Shirt,LS Shirt,SS Shirt,LS Shirt,Button Down Shirt,SS Shirt
Moon,Parlato,Wellsville,NY,moon@yahoo.com,Q1,L,LS Shirt,Crewneck Sweater,SS Shirt,SS Shirt,SS Shirt,SS Shirt,LS Shirt,Hoodie,SS Shirt,LS Shirt
Mozell,Pelkowski,South San Francisco,CA,mpelkowski@pelkowski.org,Q1,L,Hoodie,LS Shirt,Hoodie,Zip up Jacket,Hoodie,Zip up Jacket,SS Shirt,LS Shirt,Button Down Shirt,Button Down Shirt
My,Rantanen,Richboro,PA,my@hotmail.com,Q1,M,Zip up Jacket,Crewneck Sweater,Zip up Jacket,LS Shirt,Button Down Shirt,Hoodie,SS Shirt,Polo Shirt,Polo Shirt,Hoodie
Myra,Munns,Euless,TX,mmunns@cox.net,Q1,M,LS Shirt,Hoodie,Zip up Jacket,Zip up Jacket,SS Shirt,LS Shirt,Zip up Jacket,SS Shirt,Button Down Shirt,SS Shirt
Nan,Koppinger,Greensboro,NC,nan@koppinger.com,Q1,L,LS Shirt,Crewneck Sweater,LS Shirt,LS Shirt,SS Shirt,Zip up Jacket,Button Down Shirt,LS Shirt,SS Shirt,LS Shirt
Nana,Wrinkles,Mount Vernon,NY,nana@aol.com,Q1,XS,SS Shirt,SS Shirt,LS Shirt,SS Shirt,Crewneck Sweater,Hoodie,LS Shirt,Hoodie,Hoodie,LS Shirt
Natalie,Fern,Rock Springs,WY,natalie.fern@hotmail.com,Q1,L,SS Shirt,Hoodie,Crewneck Sweater,Crewneck Sweater,SS Shirt,SS Shirt,Zip up Jacket,SS Shirt,SS Shirt,LS Shirt
Nelida,Sawchuk,Paramus,NJ,nelida@gmail.com,Q1,XS,LS Shirt,Crewneck Sweater,Hoodie,LS Shirt,Hoodie,LS Shirt,Hoodie,LS Shirt,LS Shirt,Button Down Shirt
Nichelle,Meteer,Chicago,IL,nichelle_meteer@meteer.com,Q1,M,Button Down Shirt,SS Shirt,SS Shirt,Hoodie,Button Down Shirt,Button Down Shirt,Hoodie,Hoodie,Zip up Jacket,Hoodie
Nickolas,Juvera,Crystal River,FL,nickolas_juvera@cox.net,Q1,L,SS Shirt,LS Shirt,LS Shirt,SS Shirt,LS Shirt,Zip up Jacket,SS Shirt,SS Shirt,SS Shirt,LS Shirt
Nicolette,Brossart,Westborough,MA,nicolette_brossart@brossart.com,Q1,L,Hoodie,SS Shirt,Hoodie,Crewneck Sweater,Crewneck Sweater,Hoodie,Hoodie,LS Shirt,Hoodie,Hoodie
Nieves,Gotter,Portland,OR,nieves_gotter@gmail.com,Q1,XL,Button Down Shirt,Zip up Jacket,Zip up Jacket,Hoodie,Crewneck Sweater,Zip up Jacket,LS Shirt,SS Shirt,Hoodie,SS Shirt
Noah,Kalafatis,Milwaukee,WI,noah.kalafatis@aol.com,Q1,XXL,Button Down Shirt,LS Shirt,LS Shirt,Hoodie,LS Shirt,Polo Shirt,Hoodie,SS Shirt,LS Shirt,Polo Shirt
Nobuko,Halsey,New Bedford,MA,nobuko.halsey@yahoo.com,Q1,S,LS Shirt,Hoodie,Crewneck Sweater,Polo Shirt,SS Shirt,Zip up Jacket,Zip up Jacket,Zip up Jacket,SS Shirt,SS Shirt
Norah,Waymire,San Francisco,CA,norah.waymire@gmail.com,Q1,L,Crewneck Sweater,Crewneck Sweater,Hoodie,LS Shirt,Hoodie,LS Shirt,LS Shirt,Zip up Jacket,Hoodie,LS Shirt
Novella,Degroot,Hilo,HI,novella_degroot@degroot.org,Q1,L,Hoodie,Zip up Jacket,LS Shirt,SS Shirt,Zip up Jacket,Zip up Jacket,Zip up Jacket,SS Shirt,SS Shirt,Hoodie
Nu,Mcnease,Harrison,NJ,nu@gmail.com,Q1,XS,SS Shirt,Hoodie,SS Shirt,SS Shirt,LS Shirt,Zip up Jacket,SS Shirt,LS Shirt,LS Shirt,LS Shirt
Olive,Matuszak,Cathedral City,CA,olive@aol.com,Q1,L,Crewneck Sweater,,Hoodie,Hoodie,Zip up Jacket,LS Shirt,Crewneck Sweater,SS Shirt,Button Down Shirt,SS Shirt
Oretha,Menter,Boston,MA,oretha_menter@yahoo.com,Q1,S,LS Shirt,SS Shirt,SS Shirt,SS Shirt,SS Shirt,Hoodie,Polo Shirt,SS Shirt,SS Shirt,Polo Shirt
Ozell,Shealy,New York,NY,oshealy@hotmail.com,Q1,XS,Zip up Jacket,Hoodie,Zip up Jacket,SS Shirt,Crewneck Sweater,SS Shirt,SS Shirt,LS Shirt,Hoodie,Hoodie
Pamella,Fortino,Denver,CO,pamella@fortino.com,Q1,L,Crewneck Sweater,LS Shirt,Zip up Jacket,Hoodie,Crewneck Sweater,Crewneck Sweater,Zip up Jacket,Hoodie,Polo Shirt,SS Shirt
Pamella,Schmierer,Homestead,FL,pamella.schmierer@schmierer.org,Q1,XS,SS Shirt,SS Shirt,LS Shirt,LS Shirt,LS Shirt,Hoodie,Polo Shirt,Hoodie,Crewneck Sweater,LS Shirt
Paris,Wide,Atlanta,GA,paris@hotmail.com,Q1,M,Hoodie,Zip up Jacket,Hoodie,Hoodie,LS Shirt,Button Down Shirt,LS Shirt,SS Shirt,Hoodie,LS Shirt
Paz,Sahagun,Meridian,MS,paz_sahagun@cox.net,Q1,S,Zip up Jacket,LS Shirt,LS Shirt,SS Shirt,Crewneck Sweater,LS Shirt,SS Shirt,Zip up Jacket,Hoodie,Hoodie
Peggie,Sturiale,El Cajon,CA,peggie@cox.net,Q1,XS,Polo Shirt,Hoodie,Crewneck Sweater,Zip up Jacket,SS Shirt,Hoodie,Hoodie,LS Shirt,SS Shirt,Zip up Jacket
Penney,Weight,Anchorage,AK,penney_weight@aol.com,Q1,M,LS Shirt,Zip up Jacket,Zip up Jacket,LS Shirt,SS Shirt,LS Shirt,Hoodie,SS Shirt,Zip up Jacket,Crewneck Sweater
Pete,Dubaldi,Lyndhurst,NJ,pdubaldi@hotmail.com,Q1,XS,LS Shirt,Zip up Jacket,Hoodie,LS Shirt,Crewneck Sweater,Polo Shirt,Crewneck Sweater,Button Down Shirt,Hoodie,Hoodie
Portia,Stimmel,Bridgewater,NJ,portia.stimmel@aol.com,Q1,S,LS Shirt,Zip up Jacket,LS Shirt,Crewneck Sweater,Zip up Jacket,Crewneck Sweater,Crewneck Sweater,Zip up Jacket,Polo Shirt,SS Shirt
Quentin,Birkner,Burnsville,MN,qbirkner@aol.com,Q1,S,Button Down Shirt,SS Shirt,SS Shirt,SS Shirt,LS Shirt,Hoodie,Hoodie,SS Shirt,SS Shirt,Hoodie
Quentin,Swayze,Milan,MI,quentin_swayze@yahoo.com,Q1,L,Hoodie,SS Shirt,LS Shirt,LS Shirt,Hoodie,Zip up Jacket,SS Shirt,SS Shirt,Hoodie,LS Shirt
Raina,Brachle,Butte,MT,raina.brachle@brachle.org,Q1,XL,Zip up Jacket,Crewneck Sweater,SS Shirt,Polo Shirt,Zip up Jacket,Crewneck Sweater,LS Shirt,LS Shirt,SS Shirt,SS Shirt
Rasheeda,Sayaphon,Saratoga,CA,rasheeda@aol.com,Q1,L,Zip up Jacket,Hoodie,Hoodie,Polo Shirt,LS Shirt,SS Shirt,Button Down Shirt,Button Down Shirt,Crewneck Sweater,Crewneck Sweater
Raul,Upthegrove,La Mesa,CA,rupthegrove@yahoo.com,Q1,M,LS Shirt,SS Shirt,SS Shirt,LS Shirt,LS Shirt,Hoodie,SS Shirt,Hoodie,LS Shirt,Hoodie
Raylene,Kampa,Elkhart,IN,rkampa@kampa.org,Q1,L,Zip up Jacket,LS Shirt,LS Shirt,Hoodie,SS Shirt,SS Shirt,LS Shirt,LS Shirt,SS Shirt,SS Shirt
Raymon,Calvaresi,Indianapolis,IN,raymon.calvaresi@gmail.com,Q1,L,SS Shirt,Zip up Jacket,SS Shirt,SS Shirt,SS Shirt,Crewneck Sweater,Hoodie,Zip up Jacket,Hoodie,Hoodie
Rebecka,Gesick,Austin,TX,rgesick@gesick.org,Q1,S,LS Shirt,Hoodie,Zip up Jacket,Zip up Jacket,LS Shirt,Button Down Shirt,Hoodie,SS Shirt,Hoodie,SS Shirt
Reena,Maisto,Salisbury,MD,reena@hotmail.com,Q1,S,Hoodie,Crewneck Sweater,LS Shirt,Zip up Jacket,SS Shirt,Hoodie,SS Shirt,SS Shirt,Crewneck Sweater,Hoodie
Refugia,Jacobos,Hayward,CA,refugia.jacobos@jacobos.com,Q1,M,Crewneck Sweater,LS Shirt,Crewneck Sweater,Hoodie,SS Shirt,Crewneck Sweater,Crewneck Sweater,Crewneck Sweater,LS Shirt,Crewneck Sweater
Regenia,Kannady,Scottsdale,AZ,regenia.kannady@cox.net,Q1,M,Hoodie,LS Shirt,LS Shirt,Zip up Jacket,LS Shirt,Zip up Jacket,SS Shirt,Hoodie,Hoodie,LS Shirt
Reita,Leto,Indianapolis,IN,reita.leto@gmail.com,Q1,XL,Zip up Jacket,SS Shirt,Zip up Jacket,LS Shirt,SS Shirt,Hoodie,SS Shirt,SS Shirt,LS Shirt,SS Shirt
Renea,Monterrubio,Atlanta,GA,renea@hotmail.com,Q1,M,Zip up Jacket,SS Shirt,SS Shirt,Hoodie,Polo Shirt,Crewneck Sweater,SS Shirt,LS Shirt,SS Shirt,Crewneck Sweater
Ressie,Auffrey,Miami,FL,ressie.auffrey@yahoo.com,Q1,M,Zip up Jacket,Hoodie,LS Shirt,Crewneck Sweater,Crewneck Sweater,LS Shirt,SS Shirt,Button Down Shirt,Button Down Shirt,Button Down Shirt
Rhea,Aredondo,Brooklyn,NY,rhea_aredondo@cox.net,Q1,L,Crewneck Sweater,SS Shirt,LS Shirt,SS Shirt,Zip up Jacket,Crewneck Sweater,Hoodie,Hoodie,LS Shirt,LS Shirt
Rickie,Plumer,Toledo,OH,rickie.plumer@aol.com,Q1,M,Hoodie,Crewneck Sweater,Zip up Jacket,SS Shirt,Zip up Jacket,Hoodie,SS Shirt,LS Shirt,LS Shirt,LS Shirt
Rikki,Nayar,Miami,FL,rikki@nayar.com,Q1,L,SS Shirt,Crewneck Sweater,Hoodie,SS Shirt,Crewneck Sweater,Button Down Shirt,SS Shirt,Zip up Jacket,LS Shirt,SS Shirt
Rima,Bevelacqua,Gardena,CA,rima@cox.net,Q1,L,SS Shirt,Zip up Jacket,SS Shirt,LS Shirt,Crewneck Sweater,LS Shirt,Zip up Jacket,LS Shirt,LS Shirt,Crewneck Sweater
Rodolfo,Butzen,Northfield,MN,rodolfo@hotmail.com,Q1,S,SS Shirt,Zip up Jacket,Hoodie,Crewneck Sweater,LS Shirt,SS Shirt,Hoodie,Zip up Jacket,Hoodie,Zip up Jacket
Rolande,Spickerman,Pearl City,HI,rolande.spickerman@spickerman.com,Q1,L,Polo Shirt,Crewneck Sweater,SS Shirt,Polo Shirt,SS Shirt,SS Shirt,LS Shirt,Crewneck Sweater,Crewneck Sweater,LS Shirt
Rolland,Francescon,Paterson,NJ,rolland@cox.net,Q1,M,Hoodie,SS Shirt,Zip up Jacket,Zip up Jacket,SS Shirt,Crewneck Sweater,SS Shirt,Zip up Jacket,Hoodie,Hoodie
Ronny,Caiafa,Philadelphia,PA,ronny.caiafa@caiafa.org,Q1,M,Zip up Jacket,Hoodie,Hoodie,Button Down Shirt,Hoodie,LS Shirt,SS Shirt,LS Shirt,SS Shirt,Hoodie
Roosevelt,Hoffis,Hialeah,FL,roosevelt.hoffis@aol.com,Q1,XS,LS Shirt,Crewneck Sweater,Crewneck Sweater,LS Shirt,SS Shirt,Zip up Jacket,Zip up Jacket,SS Shirt,SS Shirt,Crewneck Sweater
Rory,Papasergi,Clarks Summit,PA,rpapasergi@cox.net,Q1,S,SS Shirt,LS Shirt,LS Shirt,Hoodie,Crewneck Sweater,SS Shirt,Polo Shirt,LS Shirt,SS Shirt,Hoodie
Roselle,Estell,Bucyrus,OH,roselle.estell@hotmail.com,Q1,S,SS Shirt,Zip up Jacket,Zip up Jacket,Zip up Jacket,Zip up Jacket,Hoodie,SS Shirt,Button Down Shirt,Polo Shirt,SS Shirt
Rosio,Cork,High Point,NC,rosio.cork@gmail.com,Q1,M,Zip up Jacket,Zip up Jacket,Crewneck Sweater,LS Shirt,Polo Shirt,Polo Shirt,LS Shirt,Hoodie,Hoodie,LS Shirt
Roslyn,Chavous,Jackson,MS,roslyn.chavous@chavous.org,Q1,S,SS Shirt,Hoodie,SS Shirt,SS Shirt,LS Shirt,Zip up Jacket,Hoodie,SS Shirt,Crewneck Sweater,Hoodie
Roxane,Campain,Fairbanks,AK,roxane@hotmail.com,Q1,L,LS Shirt,Button Down Shirt,SS Shirt,Zip up Jacket,LS Shirt,Hoodie,Hoodie,Crewneck Sweater,Button Down Shirt,LS Shirt
Rozella,Ostrosky,Camarillo,CA,rozella.ostrosky@ostrosky.com,Q1,M,Polo Shirt,SS Shirt,Hoodie,SS Shirt,Polo Shirt,SS Shirt,Hoodie,SS Shirt,LS Shirt,Hoodie
Ruthann,Keener,Kerrville,TX,ruthann@hotmail.com,Q1,L,Hoodie,Zip up Jacket,Zip up Jacket,Hoodie,Hoodie,SS Shirt,Polo Shirt,LS Shirt,SS Shirt,Hoodie
Ryan,Harnos,Plano,TX,ryan@cox.net,Q1,M,Button Down Shirt,Hoodie,LS Shirt,LS Shirt,LS Shirt,Crewneck Sweater,LS Shirt,Hoodie,Polo Shirt,SS Shirt
Sabra,Uyetake,Columbia,SC,sabra@uyetake.org,Q1,S,LS Shirt,Zip up Jacket,SS Shirt,Zip up Jacket,Crewneck Sweater,Hoodie,SS Shirt,Zip up Jacket,Hoodie,LS Shirt
Sage,Wieser,Sioux Falls,SD,sage_wieser@cox.net,Q1,S,Zip up Jacket,SS Shirt,Button Down Shirt,LS Shirt,Button Down Shirt,LS Shirt,Polo Shirt,LS Shirt,SS Shirt,LS Shirt
Salena,Karpel,Canton,OH,skarpel@cox.net,Q1,L,SS Shirt,LS Shirt,SS Shirt,Hoodie,SS Shirt,Zip up Jacket,SS Shirt,SS Shirt,SS Shirt,LS Shirt
Salome,Lacovara,Richmond,VA,slacovara@gmail.com,Q1,L,SS Shirt,Hoodie,Hoodie,Hoodie,LS Shirt,Button Down Shirt,Crewneck Sweater,Hoodie,Hoodie,SS Shirt
Samira,Heintzman,Kent,WA,sheintzman@hotmail.com,Q1,XS,Hoodie,Crewneck Sweater,SS Shirt,Crewneck Sweater,Hoodie,Zip up Jacket,SS Shirt,LS Shirt,LS Shirt,Hoodie
Sarah,Candlish,Atlanta,GA,sarah.candlish@gmail.com,Q1,L,Zip up Jacket,Zip up Jacket,Hoodie,Crewneck Sweater,Zip up Jacket,Button Down Shirt,Zip up Jacket,SS Shirt,SS Shirt,LS Shirt
Scarlet,Cartan,Albany,GA,scarlet.cartan@yahoo.com,Q1,M,SS Shirt,Zip up Jacket,LS Shirt,LS Shirt,Crewneck Sweater,Crewneck Sweater,Zip up Jacket,SS Shirt,Hoodie,SS Shirt
Selma,Husser,Jersey City,NJ,selma.husser@cox.net,Q1,L,SS Shirt,SS Shirt,SS Shirt,LS Shirt,Zip up Jacket,Hoodie,SS Shirt,Button Down Shirt,Polo Shirt,Polo Shirt
Serina,Zagen,Fort Wayne,IN,szagen@aol.com,Q1,XXL,Crewneck Sweater,Hoodie,Crewneck Sweater,LS Shirt,LS Shirt,Crewneck Sweater,LS Shirt,LS Shirt,Button Down Shirt,Button Down Shirt
Shalon,Shadrick,Brooklyn,NY,shalon@cox.net,Q1,L,Hoodie,SS Shirt,Hoodie,LS Shirt,SS Shirt,Polo Shirt,Zip up Jacket,SS Shirt,Crewneck Sweater,Button Down Shirt
Sharee,Maile,Muskegon,MI,sharee_maile@aol.com,Q1,L,LS Shirt,LS Shirt,SS Shirt,Crewneck Sweater,SS Shirt,LS Shirt,SS Shirt,Zip up Jacket,LS Shirt,Hoodie
Sharen,Bourbon,Syosset,NY,sbourbon@yahoo.com,Q1,M,LS Shirt,Hoodie,Zip up Jacket,Polo Shirt,LS Shirt,Crewneck Sweater,Hoodie,SS Shirt,SS Shirt,Hoodie
Sharika,Eanes,Orlando,FL,sharika.eanes@aol.com,Q1,S,SS Shirt,LS Shirt,SS Shirt,Crewneck Sweater,Hoodie,Crewneck Sweater,SS Shirt,Zip up Jacket,Hoodie,Button Down Shirt
Shawna,Palaspas,Thousand Oaks,CA,shawna_palaspas@palaspas.org,Q1,L,SS Shirt,Hoodie,Crewneck Sweater,Zip up Jacket,SS Shirt,Hoodie,LS Shirt,Crewneck Sweater,LS Shirt,Hoodie
Shawnda,Yori,Longwood,FL,shawnda.yori@yahoo.com,Q1,M,Zip up Jacket,LS Shirt,Hoodie,LS Shirt,SS Shirt,SS Shirt,SS Shirt,Polo Shirt,SS Shirt,Zip up Jacket
Shenika,Seewald,Van Nuys,CA,shenika@gmail.com,Q1,L,LS Shirt,SS Shirt,Crewneck Sweater,Hoodie,SS Shirt,Button Down Shirt,LS Shirt,Zip up Jacket,LS Shirt,Button Down Shirt
Sheridan,Zane,Riverside,CA,sheridan.zane@zane.com,Q1,L,Button Down Shirt,LS Shirt,SS Shirt,Button Down Shirt,Hoodie,LS Shirt,SS Shirt,LS Shirt,Hoodie,LS Shirt
Sherita,Saras,Colorado Springs,CO,sherita.saras@cox.net,Q1,L,Zip up Jacket,SS Shirt,Hoodie,Zip up Jacket,Crewneck Sweater,Zip up Jacket,Button Down Shirt,SS Shirt,LS Shirt,LS Shirt
Sheron,Louissant,Long Island City,NY,sheron@aol.com,Q1,L,Zip up Jacket,Hoodie,Crewneck Sweater,Crewneck Sweater,LS Shirt,SS Shirt,LS Shirt,Hoodie,SS Shirt,SS Shirt
Shonda,Greenbush,Clifton,NJ,shonda_greenbush@cox.net,Q1,L,Hoodie,SS Shirt,Hoodie,Hoodie,Hoodie,Hoodie,Hoodie,LS Shirt,Polo Shirt,SS Shirt
Simona,Morasca,Ashland,OH,simona@morasca.com,Q1,M,SS Shirt,Zip up Jacket,Crewneck Sweater,Crewneck Sweater,Crewneck Sweater,Button Down Shirt,Hoodie,Hoodie,SS Shirt,LS Shirt
Skye,Fillingim,Minneapolis,MN,skye_fillingim@yahoo.com,Q1,M,LS Shirt,SS Shirt,Crewneck Sweater,SS Shirt,SS Shirt,Hoodie,Zip up Jacket,LS Shirt,Hoodie,Crewneck Sweater
Solange,Shinko,Metairie,LA,solange@shinko.com,Q1,M,Button Down Shirt,Crewneck Sweater,SS Shirt,SS Shirt,Zip up Jacket,Button Down Shirt,LS Shirt,SS Shirt,LS Shirt,Hoodie
Staci,Schmaltz,Pasadena,CA,staci_schmaltz@aol.com,Q1,S,Button Down Shirt,Hoodie,Hoodie,Crewneck Sweater,Zip up Jacket,LS Shirt,Hoodie,SS Shirt,Hoodie,Hoodie
Stephaine,Barfield,Gardena,CA,stephaine@barfield.com,Q1,S,Zip up Jacket,LS Shirt,Zip up Jacket,LS Shirt,LS Shirt,Polo Shirt,SS Shirt,SS Shirt,SS Shirt,Polo Shirt
Stephaine,Vinning,San Francisco,CA,stephaine@cox.net,Q1,S,Zip up Jacket,SS Shirt,Crewneck Sweater,Hoodie,Zip up Jacket,Hoodie,Button Down Shirt,Hoodie,SS Shirt,Zip up Jacket
Stephane,Myricks,Burlington,KY,stephane_myricks@cox.net,Q1,XS,LS Shirt,SS Shirt,Hoodie,Zip up Jacket,LS Shirt,SS Shirt,LS Shirt,Hoodie,Hoodie,SS Shirt
Stephen,Emigh,Akron,OH,stephen_emigh@hotmail.com,Q1,L,Hoodie,SS Shirt,Polo Shirt,SS Shirt,Zip up Jacket,Zip up Jacket,LS Shirt,LS Shirt,SS Shirt,Crewneck Sweater
Stevie,Westerbeck,Costa Mesa,CA,stevie.westerbeck@yahoo.com,Q1,XL,SS Shirt,Zip up Jacket,Crewneck Sweater,Hoodie,Crewneck Sweater,Button Down Shirt,LS Shirt,Zip up Jacket,Crewneck Sweater,LS Shirt
Sue,Kownacki,Mesquite,TX,sue@aol.com,Q1,L,LS Shirt,LS Shirt,Polo Shirt,SS Shirt,LS Shirt,Button Down Shirt,Polo Shirt,Zip up Jacket,SS Shirt,LS Shirt
Sylvia,Cousey,Hampstead,MD,sylvia_cousey@cousey.org,Q1,L,Polo Shirt,Hoodie,LS Shirt,Zip up Jacket,Zip up Jacket,LS Shirt,SS Shirt,LS Shirt,Hoodie,SS Shirt
Sylvie,Ryser,Tulsa,OK,sylvie@aol.com,Q1,XL,Polo Shirt,Polo Shirt,Crewneck Sweater,SS Shirt,Crewneck Sweater,Polo Shirt,LS Shirt,Hoodie,Hoodie,LS Shirt
Talia,Riopelle,Orange,NJ,talia_riopelle@aol.com,Q1,XXL,LS Shirt,SS Shirt,LS Shirt,Crewneck Sweater,Zip up Jacket,Hoodie,Crewneck Sweater,SS Shirt,Hoodie,Crewneck Sweater
Tamar,Hoogland,London,OH,tamar@hotmail.com,Q1,L,SS Shirt,SS Shirt,Zip up Jacket,SS Shirt,Zip up Jacket,Zip up Jacket,Hoodie,Polo Shirt,SS Shirt,LS Shirt
Tammara,Wardrip,Burlingame,CA,twardrip@cox.net,Q1,XL,Crewneck Sweater,Hoodie,SS Shirt,SS Shirt,Zip up Jacket,LS Shirt,LS Shirt,LS Shirt,Polo Shirt,Button Down Shirt
Tarra,Nachor,San Francisco,CA,tarra.nachor@cox.net,Q1,M,SS Shirt,Crewneck Sweater,Crewneck Sweater,Hoodie,Hoodie,LS Shirt,Hoodie,Hoodie,LS Shirt,LS Shirt
Taryn,Moyd,Fairfax,VA,taryn.moyd@hotmail.com,Q1,M,LS Shirt,SS Shirt,SS Shirt,SS Shirt,Zip up Jacket,SS Shirt,Polo Shirt,Crewneck Sweater,Hoodie,LS Shirt
Tasia,Andreason,Kearny,NJ,tasia_andreason@yahoo.com,Q1,XXL,Crewneck Sweater,Hoodie,Crewneck Sweater,SS Shirt,LS Shirt,Crewneck Sweater,LS Shirt,SS Shirt,Button Down Shirt,SS Shirt
Tawna,Buvens,New York,NY,tawna@gmail.com,Q1,M,SS Shirt,SS Shirt,LS Shirt,SS Shirt,Zip up Jacket,Crewneck Sweater,LS Shirt,SS Shirt,Hoodie,SS Shirt
Teddy,Pedrozo,Bridgeport,CT,teddy_pedrozo@aol.com,Q1,M,Hoodie,LS Shirt,SS Shirt,LS Shirt,LS Shirt,Hoodie,Hoodie,Hoodie,Hoodie,LS Shirt
Tegan,Arceo,Monroe Township,NJ,tegan.arceo@arceo.org,Q1,XL,LS Shirt,LS Shirt,Hoodie,SS Shirt,Hoodie,SS Shirt,Button Down Shirt,LS Shirt,LS Shirt,SS Shirt
Teri,Ennaco,Hazleton,PA,tennaco@gmail.com,Q1,S,LS Shirt,SS Shirt,SS Shirt,Button Down Shirt,SS Shirt,SS Shirt,LS Shirt,SS Shirt,Button Down Shirt,Zip up Jacket
Terrilyn,Rodeigues,New Orleans,LA,terrilyn.rodeigues@cox.net,Q1,L,SS Shirt,Polo Shirt,LS Shirt,Zip up Jacket,Zip up Jacket,Polo Shirt,SS Shirt,Button Down Shirt,LS Shirt,Hoodie
Thaddeus,Ankeny,Roseville,CA,tankeny@ankeny.org,Q1,L,Hoodie,Hoodie,LS Shirt,Hoodie,Hoodie,Zip up Jacket,Hoodie,SS Shirt,SS Shirt,LS Shirt
Theodora,Restrepo,Miami,FL,theodora.restrepo@restrepo.com,Q1,L,Button Down Shirt,LS Shirt,Hoodie,SS Shirt,Crewneck Sweater,Crewneck Sweater,LS Shirt,LS Shirt,SS Shirt,SS Shirt
Theola,Frey,Massapequa,NY,theola_frey@frey.com,Q1,L,Button Down Shirt,Zip up Jacket,SS Shirt,SS Shirt,Button Down Shirt,Hoodie,Zip up Jacket,Hoodie,Crewneck Sweater,SS Shirt
Thurman,Manno,Absecon,NJ,thurman.manno@yahoo.com,Q1,XL,LS Shirt,SS Shirt,SS Shirt,LS Shirt,LS Shirt,Zip up Jacket,Polo Shirt,SS Shirt,Crewneck Sweater,SS Shirt
Tiera,Frankel,El Monte,CA,tfrankel@aol.com,Q1,M,SS Shirt,SS Shirt,SS Shirt,Hoodie,LS Shirt,SS Shirt,Button Down Shirt,LS Shirt,SS Shirt,Hoodie
Tiffiny,Steffensmeier,Miami,FL,tiffiny_steffensmeier@cox.net,Q1,XL,Crewneck Sweater,Polo Shirt,Hoodie,Polo Shirt,Polo Shirt,LS Shirt,Hoodie,Polo Shirt,Hoodie,Hoodie
Timothy,Mulqueen,Staten Island,NY,timothy_mulqueen@mulqueen.org,Q1,M,LS Shirt,SS Shirt,Zip up Jacket,SS Shirt,SS Shirt,Hoodie,LS Shirt,Hoodie,Button Down Shirt,Crewneck Sweater
Tonette,Wenner,Westbury,NY,twenner@aol.com,Q1,L,Hoodie,SS Shirt,Crewneck Sweater,Button Down Shirt,SS Shirt,SS Shirt,Polo Shirt,SS Shirt,Button Down Shirt,SS Shirt
Tracey,Modzelewski,Conroe,TX,tracey@hotmail.com,Q1,M,Crewneck Sweater,SS Shirt,Button Down Shirt,Hoodie,Hoodie,Zip up Jacket,Hoodie,Hoodie,SS Shirt,LS Shirt
Tresa,Sweely,Valley Park,MO,tresa_sweely@hotmail.com,Q1,XL,SS Shirt,Zip up Jacket,Zip up Jacket,SS Shirt,Crewneck Sweater,LS Shirt,SS Shirt,Button Down Shirt,LS Shirt,LS Shirt
Trinidad,Mcrae,San Francisco,CA,trinidad_mcrae@yahoo.com,Q1,L,Button Down Shirt,Hoodie,LS Shirt,Button Down Shirt,Zip up Jacket,Zip up Jacket,Crewneck Sweater,Hoodie,SS Shirt,LS Shirt
Truman,Feichtner,Bloomfield,NJ,tfeichtner@yahoo.com,Q1,XL,Zip up Jacket,Crewneck Sweater,Button Down Shirt,SS Shirt,Zip up Jacket,LS Shirt,SS Shirt,Zip up Jacket,LS Shirt,SS Shirt
Twana,Felger,Portland,OR,twana.felger@felger.org,Q1,XL,LS Shirt,Zip up Jacket,Hoodie,LS Shirt,SS Shirt,Polo Shirt,Hoodie,SS Shirt,SS Shirt,SS Shirt
Ty,Smith,Hackensack,NJ,tsmith@aol.com,Q1,M,Zip up Jacket,SS Shirt,Crewneck Sweater,SS Shirt,SS Shirt,Hoodie,Hoodie,LS Shirt,LS Shirt,SS Shirt
Tyra,Shields,Philadelphia,PA,tshields@gmail.com,Q1,L,Hoodie,Hoodie,Zip up Jacket,SS Shirt,Hoodie,LS Shirt,LS Shirt,SS Shirt,SS Shirt,SS Shirt
Valentin,Klimek,Chicago,IL,vklimek@klimek.org,Q1,M,SS Shirt,Zip up Jacket,LS Shirt,Polo Shirt,SS Shirt,Zip up Jacket,Hoodie,Hoodie,Polo Shirt,LS Shirt
Valentine,Gillian,San Antonio,TX,valentine_gillian@gmail.com,Q1,S,Crewneck Sweater,LS Shirt,LS Shirt,Zip up Jacket,LS Shirt,SS Shirt,SS Shirt,LS Shirt,SS Shirt,SS Shirt
Vallie,Mondella,Boise,ID,vmondella@mondella.com,Q1,S,Crewneck Sweater,Zip up Jacket,SS Shirt,Hoodie,Hoodie,Crewneck Sweater,Zip up Jacket,Zip up Jacket,Hoodie,Hoodie
Van,Shire,Pittstown,NJ,van.shire@shire.com,Q1,M,Hoodie,Hoodie,Crewneck Sweater,LS Shirt,Zip up Jacket,LS Shirt,LS Shirt,SS Shirt,Hoodie,Hoodie
Venita,Maillard,Anaheim,CA,venita_maillard@gmail.com,Q1,L,Button Down Shirt,Zip up Jacket,SS Shirt,Crewneck Sweater,Zip up Jacket,Zip up Jacket,Polo Shirt,Polo Shirt,Hoodie,Polo Shirt
Veronika,Inouye,San Jose,CA,vinouye@aol.com,Q1,M,Button Down Shirt,Hoodie,LS Shirt,Hoodie,SS Shirt,Hoodie,LS Shirt,LS Shirt,Hoodie,SS Shirt
Vi,Rentfro,Freehold,NJ,vrentfro@cox.net,Q1,L,Zip up Jacket,LS Shirt,SS Shirt,SS Shirt,Polo Shirt,LS Shirt,Hoodie,SS Shirt,LS Shirt,SS Shirt
Vilma,Berlanga,Grand Rapids,MI,vberlanga@berlanga.com,Q1,L,Zip up Jacket,SS Shirt,Hoodie,Zip up Jacket,Zip up Jacket,Button Down Shirt,Hoodie,Zip up Jacket,Hoodie,Hoodie
Vincent,Meinerding,Philadelphia,PA,vincent.meinerding@hotmail.com,Q1,S,Button Down Shirt,LS Shirt,SS Shirt,Crewneck Sweater,LS Shirt,Zip up Jacket,LS Shirt,SS Shirt,LS Shirt,LS Shirt
Vincenza,Zepp,El Cajon,CA,vzepp@gmail.com,Q1,M,Hoodie,SS Shirt,LS Shirt,LS Shirt,Hoodie,Zip up Jacket,Zip up Jacket,Hoodie,Crewneck Sweater,SS Shirt
Viola,Bitsuie,Northridge,CA,viola@gmail.com,Q1,M,LS Shirt,Zip up Jacket,Zip up Jacket,Crewneck Sweater,Zip up Jacket,Zip up Jacket,SS Shirt,SS Shirt,SS Shirt,LS Shirt
Virgie,Kiel,Denver,CO,vkiel@hotmail.com,Q1,L,Zip up Jacket,Hoodie,Crewneck Sweater,Hoodie,Hoodie,Hoodie,SS Shirt,SS Shirt,Zip up Jacket,Hoodie
Virgina,Tegarden,Milwaukee,WI,virgina_tegarden@tegarden.com,Q1,M,SS Shirt,LS Shirt,SS Shirt,SS Shirt,Crewneck Sweater,Zip up Jacket,Crewneck Sweater,Hoodie,SS Shirt,LS Shirt
Viva,Toelkes,Chicago,IL,viva.toelkes@gmail.com,Q1,XS,Hoodie,Zip up Jacket,Polo Shirt,LS Shirt,Polo Shirt,SS Shirt,Zip up Jacket,Crewneck Sweater,Polo Shirt,Polo Shirt
Weldon,Acuff,Arlington Heights,IL,wacuff@gmail.com,Q1,XS,Zip up Jacket,LS Shirt,Hoodie,SS Shirt,Polo Shirt,Hoodie,Polo Shirt,Zip up Jacket,Crewneck Sweater,Hoodie
Whitley,Tomasulo,Fort Worth,TX,whitley.tomasulo@aol.com,Q1,XL,Crewneck Sweater,Button Down Shirt,Crewneck Sweater,LS Shirt,LS Shirt,SS Shirt,LS Shirt,Zip up Jacket,SS Shirt,LS Shirt
Wilda,Giguere,Anchorage,AK,wilda@cox.net,Q1,XS,LS Shirt,Hoodie,LS Shirt,Zip up Jacket,Button Down Shirt,LS Shirt,Zip up Jacket,Zip up Jacket,Button Down Shirt,SS Shirt
Willard,Kolmetz,Irving,TX,willard@hotmail.com,Q1,L,Hoodie,Crewneck Sweater,SS Shirt,Zip up Jacket,Hoodie,SS Shirt,Hoodie,Hoodie,Hoodie,LS Shirt
Willodean,Konopacki,Lafayette,LA,willodean_konopacki@konopacki.org,Q1,M,Button Down Shirt,Hoodie,Hoodie,Zip up Jacket,LS Shirt,Zip up Jacket,Hoodie,Zip up Jacket,SS Shirt,Button Down Shirt
Willow,Kusko,New York,NY,wkusko@yahoo.com,Q1,XXL,Zip up Jacket,Crewneck Sweater,Hoodie,Zip up Jacket,SS Shirt,Polo Shirt,Polo Shirt,LS Shirt,Polo Shirt,SS Shirt
Winfred,Brucato,Moscow,ID,winfred_brucato@hotmail.com,Q1,S,SS Shirt,LS Shirt,SS Shirt,LS Shirt,SS Shirt,Hoodie,LS Shirt,SS Shirt,LS Shirt,Hoodie
Wynell,Dorshorst,Pacifica,CA,wynell_dorshorst@dorshorst.org,Q1,S,SS Shirt,Crewneck Sweater,Crewneck Sweater,Polo Shirt,LS Shirt,Crewneck Sweater,SS Shirt,SS Shirt,Hoodie,SS Shirt
Xochitl,Discipio,Round Rock,TX,xdiscipio@gmail.com,Q1,XS,Hoodie,Zip up Jacket,SS Shirt,SS Shirt,SS Shirt,LS Shirt,SS Shirt,Zip up Jacket,Hoodie,Crewneck Sweater
Xuan,Rochin,San Mateo,CA,xuan@gmail.com,Q1,XS,Button Down Shirt,LS Shirt,Hoodie,LS Shirt,Hoodie,Zip up Jacket,Crewneck Sweater,Crewneck Sweater,LS Shirt,Hoodie
Yoko,Fishburne,New Haven,CT,yoko@fishburne.com,Q1,M,Hoodie,LS Shirt,Zip up Jacket,SS Shirt,Crewneck Sweater,Button Down Shirt,LS Shirt,SS Shirt,LS Shirt,LS Shirt
Yolando,Luczki,Syracuse,NY,yolando@cox.net,Q1,M,Button Down Shirt,Zip up Jacket,Hoodie,Zip up Jacket,SS Shirt,Crewneck Sweater,Hoodie,LS Shirt,SS Shirt,Button Down Shirt
Youlanda,Schemmer,Prineville,OR,youlanda@aol.com,Q1,L,Crewneck Sweater,LS Shirt,Zip up Jacket,LS Shirt,Hoodie,SS Shirt,SS Shirt,Polo Shirt,Polo Shirt,SS Shirt
Yuki,Whobrey,Taylor,MI,yuki_whobrey@aol.com,Q1,XS,LS Shirt,Hoodie,LS Shirt,Crewneck Sweater,SS Shirt,SS Shirt,Polo Shirt,Hoodie,Hoodie,SS Shirt
Yvonne,Tjepkema,Fairfield,NJ,yvonne.tjepkema@hotmail.com,Q1,L,SS Shirt,SS Shirt,Hoodie,SS Shirt,SS Shirt,Hoodie,LS Shirt,SS Shirt,Zip up Jacket,Zip up Jacket
Zona,Colla,Norwalk,CT,zona@hotmail.com,Q1,S,Zip up Jacket,Crewneck Sweater,Crewneck Sweater,Hoodie,LS Shirt,LS Shirt,Hoodie,Hoodie,SS Shirt,Polo Shirt